Pokemon,Score,Dex,Type 1,Type 2,Attack,Defense,Stamina,Stat Product,Level,CP,Fast Move,Charged Move 1,Charged Move 2,Charged Move 1 Count,Charged Move 2 Count,Buddy Distance,Charged Move Cost
Solgaleo,100,791,psychic,steel,,,,,,,Fire Spin,Psychic Fangs,Iron Head,4,5,20,100000
Metagross,97.5,376,steel,psychic,,,,,,,Shadow Claw,Meteor Mash,Earthquake,6,9,5,75000
Lugia,96.7,249,psychic,flying,,,,,,,Dragon Tail,Aeroblast,Fly,7,4,20,100000
Xerneas,94.6,716,fairy,none,,,,,,,Geomancy,Close Combat,Moonblast,4,5,20,100000
Zacian (Crowned Sword),94.6,888,fairy,steel,,,,,,,Metal Claw,Close Combat,Behemoth Blade,7,8,20,100000
Zygarde (Complete Forme),91.9,718,dragon,ground,,,,,,,Dragon Tail,Crunch,Earthquake,4,6,20,100000
Florges,88.2,671,fairy,none,,,,,,,Fairy Wind,Moonblast,Chilling Water,7,5,3,50000
Kyogre,87.3,382,water,none,,,,,,,Waterfall,Avalanche,Origin Pulse,5,6,20,100000
Zamazenta (Crowned Shield),87.1,889,fighting,steel,,,,,,,Ice Fang,Close Combat,Behemoth Bash,8,8,20,100000
Lunala,86.3,792,psychic,ghost,,,,,,,Shadow Claw,Shadow Ball,Moonblast,7,8,20,100000
Melmetal,86,809,steel,none,,,,,,,Thunder Shock,Double Iron Bash,Dynamic Punch,4,5,20,100000
Lugia (Shadow),85.5,249,psychic,flying,,,,,,,Dragon Tail,Aeroblast,Fly,7,4,20,100000
Palkia (Origin),85.5,484,water,dragon,,,,,,,Dragon Breath,Aqua Tail,Spacial Rend,9,14,20,100000
Keldeo (Resolute),84.1,647,water,fighting,,,,,,,Low Kick,Secret Sword,Aqua Jet,5,5,20,100000
Meloetta (Aria),83.1,648,normal,psychic,,,,,,,Confusion,Psyshock,Dazzling Gleam,3,4,20,100000
Annihilape,82.8,979,fighting,ghost,,,,,,,Counter,Rage Fist,Ice Punch,6,7,3,50000
Goodra,82.8,706,dragon,none,,,,,,,Dragon Breath,Aqua Tail,Draco Meteor,9,17,5,75000
Jirachi,82.5,385,steel,psychic,,,,,,,Confusion,Doom Desire,Aura Sphere,3,3,20,100000
Ho-Oh,81.2,250,fire,flying,,,,,,,Incinerate,Brave Bird,Sacred Fire,3,4,20,100000
Yveltal,81.2,717,dark,flying,,,,,,,Sucker Punch,Dark Pulse,Oblivion Wing,8,8,20,100000
Reshiram,80.6,643,dragon,fire,,,,,,,Dragon Breath,Fusion Flare,Draco Meteor,12,17,20,100000
Annihilape (Shadow),80.1,979,fighting,ghost,,,,,,,Counter,Rage Fist,Ice Punch,6,7,3,50000
Tapu Bulu,79.8,787,grass,fairy,,,,,,,Bullet Seed,Grass Knot,Nature's Madness,4,4,20,100000
Kyogre (Shadow),79.3,382,water,none,,,,,,,Waterfall,Avalanche,Origin Pulse,5,6,20,100000
Togekiss,79,468,fairy,flying,,,,,,,Peck,Dazzling Gleam,Aura Sphere,7,5,3,50000
Keldeo (Ordinary),78.8,647,water,fighting,,,,,,,Low Kick,Aqua Jet,Sacred Sword,5,5,20,100000
Palkia,78.8,484,water,dragon,,,,,,,Dragon Breath,Aqua Tail,Fire Blast,9,20,20,100000
Zekrom,78.8,644,dragon,electric,,,,,,,Dragon Breath,Outrage,Fusion Bolt,15,12,20,100000
Volcanion,78.2,721,fire,water,,,,,,,Incinerate,Scald,Earth Power,3,3,20,100000
Ho-Oh (Shadow),77.4,250,fire,flying,,,,,,,Incinerate,Brave Bird,Sacred Fire,3,4,20,100000
Eternatus,77.2,890,poison,dragon,,,,,,,Dragon Tail,Dynamax Cannon,Flamethrower,4,5,20,100000
Palkia (Shadow),77.2,484,water,dragon,,,,,,,Dragon Breath,Aqua Tail,Draco Meteor,9,17,20,100000
Tapu Fini,76.4,788,water,fairy,,,,,,,Water Gun,Surf,Nature's Madness,15,17,20,100000
Dialga (Origin),76.1,483,steel,dragon,,,,,,,Dragon Breath,Roar of Time,Iron Head,17,13,20,100000
Kyurem (White),75,646,dragon,ice,,,,,,,Dragon Breath,Fusion Flare,Ice Burn,12,15,20,100000
Necrozma (Dusk Mane),74.7,800,psychic,steel,,,,,,,Shadow Claw,Dark Pulse,Sunsteel Strike,7,9,20,100000
Milotic,74.5,350,water,none,,,,,,,Waterfall,Aqua Tail,Wrap,4,5,5,75000
Primarina,73.7,730,water,fairy,,,,,,,Waterfall,Disarming Voice,Hydro Cannon,5,4,3,10000
Giratina (Altered),72.3,487,ghost,dragon,,,,,,,Dragon Breath,Dragon Claw,Ancient Power,13,12,20,100000
Gyarados,72.1,130,water,flying,,,,,,,Dragon Breath,Aqua Tail,Crunch,9,12,1,10000
Marshadow,72.1,802,fighting,ghost,,,,,,,Shadow Claw,Close Combat,Ice Punch,6,5,20,100000
Sylveon,71.8,700,fairy,none,,,,,,,Fairy Wind,Moonblast,Shadow Ball,7,6,5,75000
Milotic (Shadow),71.3,350,water,none,,,,,,,Waterfall,Aqua Tail,Wrap,4,5,5,75000
Dondozo,70.7,977,water,none,,,,,,,Waterfall,Surf,Outrage,5,6,5,75000
Giratina (Origin),70.7,487,ghost,dragon,,,,,,,Dragon Tail,Shadow Ball,Ominous Wind,5,4,20,100000
Gigalith,70.2,526,rock,none,,,,,,,Lock On,Superpower,Meteor Beam,8,12,3,50000
Skeledirge,70.2,911,fire,ghost,,,,,,,Incinerate,Torch Song,Shadow Ball,3,3,3,10000
Kyurem,69.9,646,dragon,ice,,,,,,,Dragon Breath,Glaciate,Dragon Claw,10,13,20,100000
Latias,69.9,380,dragon,psychic,,,,,,,Dragon Breath,Aura Sphere,Mist Ball,10,15,20,100000
Golisopod,69.7,768,bug,water,,,,,,,Fury Cutter,Aqua Jet,X-Scissor,10,10,1,10000
Giratina (Altered) (Shadow),69.4,487,ghost,dragon,,,,,,,Dragon Breath,Ancient Power,Dragon Claw,12,13,20,100000
Gholdengo,69.1,1000,steel,ghost,,,,,,,Hex,Shadow Ball,Focus Blast,4,6,5,10000
Heatran,68.9,485,fire,steel,,,,,,,Fire Spin,Magma Storm,Earth Power,4,5,20,100000
Enamorus (Therian),68.6,905,fairy,flying,,,,,,,Fairy Wind,Mystical Fire,Moonblast,5,7,20,100000
Mewtwo (Armored),68,150,psychic,none,,,,,,,Confusion,Psystrike,Dynamic Punch,4,4,20,100000
Tyranitar,67.2,248,rock,dark,,,,,,,Dragon Breath,Brutal Swing,Stone Edge,9,14,5,75000
Urshifu (Rapid Strike),66.7,892,fighting,water,,,,,,,Waterfall,Aqua Jet,Dynamic Punch,4,5,20,100000
Zapdos,65.9,145,electric,flying,,,,,,,Thunder Shock,Drill Peck,Thunderbolt,5,7,20,100000
Avalugg (Hisuian),65.1,713,ice,rock,,,,,,,Powder Snow,Rock Slide,Icy Wind,6,6,3,50000
Virizion,65.1,640,grass,fighting,,,,,,,Double Kick,Leaf Blade,Sacred Sword,3,3,20,100000
Armarouge,64.6,936,fire,psychic,,,,,,,Incinerate,Psyshock,Heat Wave,2,3,5,50000
Cobalion,64.6,638,steel,fighting,,,,,,,Double Kick,Sacred Sword,Stone Edge,3,5,20,100000
Mew,64.6,151,psychic,none,,,,,,,Shadow Claw,Psyshock,Wild Charge,5,6,20,100000
Dialga (Shadow),64.3,483,steel,dragon,,,,,,,Dragon Breath,Iron Head,Draco Meteor,13,17,20,100000
Garchomp,64.3,445,dragon,ground,,,,,,,Dragon Tail,Twister,Earth Power,4,5,5,75000
Latios,64.3,381,dragon,psychic,,,,,,,Dragon Breath,Aura Sphere,Luster Purge,10,15,20,100000
Kyurem (Black),64,646,dragon,ice,,,,,,,Dragon Tail,Freeze Shock,Fusion Bolt,5,4,20,100000
Dialga,63.8,483,steel,dragon,,,,,,,Dragon Breath,Iron Head,Draco Meteor,13,17,20,100000
Necrozma (Dawn Wings),63.8,800,psychic,ghost,,,,,,,Shadow Claw,Dark Pulse,Moongeist Beam,7,9,20,100000
Victini,63.8,494,psychic,fire,,,,,,,Confusion,V-Create,Psyshock,3,3,20,100000
Articuno,63.5,144,ice,flying,,,,,,,Powder Snow,Icy Wind,Hurricane,6,8,20,100000
Landorus (Therian),63.5,645,ground,flying,,,,,,,Mud Shot,Sandsear Storm,Stone Edge,5,7,20,100000
Hydreigon,63.2,635,dark,dragon,,,,,,,Dragon Breath,Brutal Swing,Fly,9,12,5,75000
Swampert,63.2,260,water,ground,,,,,,,Mud Shot,Hydro Cannon,Earthquake,5,8,3,10000
Tapu Lele,63.2,786,psychic,fairy,,,,,,,Astonish,Psyshock,Nature's Madness,4,5,20,100000
Zarude,62.7,893,dark,grass,,,,,,,Vine Whip,Dark Pulse,Energy Ball,7,6,20,100000
Groudon,62.1,383,ground,none,,,,,,,Dragon Tail,Fire Punch,Precipice Blades,4,5,20,100000
Zeraora,61.9,807,electric,none,,,,,,,Volt Switch,Plasma Fists,Wild Charge,3,3,20,100000
Entei,61.6,244,fire,none,,,,,,,Fire Spin,Flame Charge,Scorching Sands,5,5,20,100000
Hippowdon,60.8,450,ground,none,,,,,,,Sand Attack,Weather Ball (Rock),Earth Power,9,13,3,50000
Mewtwo,60.8,150,psychic,none,,,,,,,Psycho Cut,Psystrike,Shadow Ball,5,6,20,100000
Tyranitar (Shadow),60.8,248,rock,dark,,,,,,,Dragon Breath,Brutal Swing,Stone Edge,9,14,5,75000
Avalugg,60.5,713,ice,none,,,,,,,Ice Fang,Avalanche,Body Slam,8,6,3,50000
Dragonite,60.5,149,dragon,flying,,,,,,,Dragon Breath,Thunder Punch,Superpower,10,10,5,75000
Kingambit,60.5,983,dark,steel,,,,,,,Snarl,Foul Play,Iron Head,4,4,5,75000
Zapdos (Shadow),60,145,electric,flying,,,,,,,Thunder Shock,Drill Peck,Heat Wave,5,5,20,100000
Celebi,59.7,251,psychic,grass,,,,,,,Confusion,Aura Sphere,Leaf Storm,3,4,20,100000
Moltres (Galarian),59.5,146,dark,flying,,,,,,,Sucker Punch,Ancient Power,Payback,7,9,20,100000
Heatran (Shadow),58.9,485,fire,steel,,,,,,,Fire Spin,Magma Storm,Earth Power,4,5,20,100000
Garchomp (Shadow),58.7,445,dragon,ground,,,,,,,Dragon Tail,Twister,Earth Power,4,5,5,75000
Gyarados (Shadow),58.1,130,water,flying,,,,,,,Dragon Breath,Aqua Tail,Twister,9,10,1,10000
Raikou,58.1,243,electric,none,,,,,,,Thunder Shock,Aura Sphere,Wild Charge,5,5,20,100000
Snorlax,58.1,143,normal,none,,,,,,,Lick,Body Slam,Superpower,12,14,5,75000
Rhyperior,57.3,464,ground,rock,,,,,,,Mud Slap,Drill Run,Rock Wrecker,4,5,3,50000
Vaporeon,57.3,134,water,none,,,,,,,Water Gun,Aqua Tail,Last Resort,12,19,5,75000
Ceruledge,57.1,937,fire,ghost,,,,,,,Incinerate,Shadow Ball,Heat Wave,3,3,5,50000
Hydreigon (Shadow),56.5,635,dark,dragon,,,,,,,Dragon Breath,Brutal Swing,Fly,9,12,5,75000
Cresselia,56.3,488,psychic,none,,,,,,,Confusion,Moonblast,Grass Knot,5,4,20,100000
Buzzwole,55.7,794,bug,fighting,,,,,,,Counter,Superpower,Lunge,7,8,20,100000
Nihilego,55.7,793,rock,poison,,,,,,,Poison Jab,Power Gem,Sludge Bomb,8,8,20,100000
Zamazenta (Hero),55.7,889,fighting,none,,,,,,,Ice Fang,Close Combat,Crunch,8,8,20,100000
Gigalith (Shadow),55.4,526,rock,none,,,,,,,Lock On,Meteor Beam,Superpower,12,8,3,50000
Latias (Shadow),55.2,380,dragon,psychic,,,,,,,Dragon Breath,Aura Sphere,Mist Ball,10,15,20,100000
Zygarde (50% Forme),55.2,718,dragon,ground,,,,,,,Dragon Tail,Crunch,Earthquake,4,6,20,100000
Rhyperior (Shadow),54.9,464,ground,rock,,,,,,,Mud Slap,Drill Run,Rock Wrecker,4,5,3,50000
Thundurus (Incarnate) (Shadow),54.9,642,electric,flying,,,,,,,Thunder Shock,Thunder Punch,Brick Break,5,5,20,100000
Regirock,54.6,377,rock,none,,,,,,,Lock On,Stone Edge,Focus Blast,11,15,20,100000
Gogoat,54.4,673,grass,none,,,,,,,Vine Whip,Leaf Blade,Brick Break,5,5,3,50000
Dragonite (Shadow),53.8,149,dragon,flying,,,,,,,Dragon Breath,Thunder Punch,Superpower,10,10,5,75000
Thundurus (Therian),53.8,642,electric,flying,,,,,,,Volt Switch,Wildbolt Storm,Focus Blast,3,5,20,100000
Raikou (Shadow),53.3,243,electric,none,,,,,,,Thunder Shock,Wild Charge,Aura Sphere,5,5,20,100000
Genesect (Chill),53,649,bug,steel,,,,,,,Fury Cutter,Magnet Bomb,Techno Blast (Chill),12,14,20,100000
Empoleon,52.8,395,water,steel,,,,,,,Metal Sound,Hydro Cannon,Drill Peck,5,5,3,10000
Arcanine,52.5,59,fire,none,,,,,,,Fire Fang,Wild Charge,Psychic Fangs,8,6,3,50000
Latios (Shadow),52.5,381,dragon,psychic,,,,,,,Dragon Breath,Aura Sphere,Luster Purge,10,15,20,100000
Metagross (Shadow),52.5,376,steel,psychic,,,,,,,Shadow Claw,Meteor Mash,Earthquake,6,9,5,75000
Urshifu (Single Strike),52.5,892,fighting,dark,,,,,,,Sucker Punch,Dynamic Punch,Payback,7,9,20,100000
Magnezone,52.2,462,electric,steel,,,,,,,Volt Switch,Wild Charge,Mirror Shot,3,3,3,50000
Mewtwo (Shadow),52.2,150,psychic,none,,,,,,,Psycho Cut,Psystrike,Shadow Ball,5,6,20,100000
Entei (Shadow),52,244,fire,none,,,,,,,Fire Spin,Flame Charge,Scorching Sands,5,5,20,100000
Groudon (Shadow),52,383,ground,none,,,,,,,Dragon Tail,Fire Punch,Precipice Blades,4,5,20,100000
Moltres,52,146,fire,flying,,,,,,,Wing Attack,Fly,Heat Wave,6,6,20,100000
Scizor,51.7,212,bug,steel,,,,,,,Bullet Punch,Night Slash,Trailblaze,5,7,5,75000
Tauros (Blaze),51.7,128,fighting,fire,,,,,,,Double Kick,Flame Charge,Trailblaze,5,4,3,50000
Conkeldurr,51.4,534,fighting,none,,,,,,,Force Palm,Dynamic Punch,Brutal Swing,5,4,5,75000
Walrein,51.4,365,ice,water,,,,,,,Powder Snow,Icicle Spear,Earthquake,5,9,3,50000
Torterra,51.2,389,grass,ground,,,,,,,Mud Slap,Frenzy Plant,Sand Tomb,5,4,3,10000
Delphox,50.9,655,fire,psychic,,,,,,,Fire Spin,Psyshock,Blast Burn,4,5,3,10000
Gardevoir (Shadow),50.6,282,psychic,fairy,,,,,,,Charm,Shadow Ball,Triple Axel,7,6,5,75000
Regidrago,50.6,895,dragon,none,,,,,,,Dragon Breath,Dragon Energy,Vise Grip,12,10,20,100000
Rillaboom,50.6,812,grass,none,,,,,,,Razor Leaf,Drum Beating,Earth Power,9,13,3,10000
Genesect (Shock),50.4,649,bug,steel,,,,,,,Fury Cutter,Magnet Bomb,Techno Blast (Shock),12,14,20,100000
Salamence,50.1,373,dragon,flying,,,,,,,Dragon Tail,Fly,Brutal Swing,4,3,5,75000
Cetitan,49.8,975,ice,none,,,,,,,Powder Snow,Avalanche,Superpower,6,5,3,50000
Genesect (Douse),49.8,649,bug,steel,,,,,,,Fury Cutter,Magnet Bomb,Techno Blast (Douse),12,14,20,100000
Kommo-o,49.8,784,dragon,fighting,,,,,,,Dragon Tail,Clanging Scales,Upper Hand,4,4,5,75000
Chandelure,49.5,609,ghost,fire,,,,,,,Incinerate,Shadow Ball,Flame Charge,3,3,5,75000
Kartana,49.5,798,grass,steel,,,,,,,Fury Cutter,Leaf Blade,Sacred Sword,9,9,20,100000
Rayquaza,49.5,384,dragon,flying,,,,,,,Dragon Tail,Breaking Swipe,Dragon Ascent,5,4,20,100000
Genesect,49,649,bug,steel,,,,,,,Fury Cutter,Magnet Bomb,Techno Blast (Normal),12,14,20,100000
Genesect (Burn),49,649,bug,steel,,,,,,,Fury Cutter,Magnet Bomb,Techno Blast (Burn),12,14,20,100000
Stakataka,49,805,rock,steel,,,,,,,Rock Throw,Stone Edge,Bulldoze,11,9,20,100000
Tapu Koko,49,785,electric,fairy,,,,,,,Volt Switch,Thunderbolt,Nature's Madness,4,4,20,100000
Guzzlord,48.7,799,dark,dragon,,,,,,,Dragon Tail,Brutal Swing,Dragon Claw,3,5,20,100000
Articuno (Shadow),48.2,144,ice,flying,,,,,,,Powder Snow,Icy Wind,Hurricane,6,8,20,100000
Gardevoir,48.2,282,psychic,fairy,,,,,,,Charm,Shadow Ball,Triple Axel,7,6,5,75000
Throh,48.2,538,fighting,none,,,,,,,Low Kick,Brick Break,Body Slam,5,5,5,75000
Zacian (Hero),48.2,888,fairy,none,,,,,,,Quick Attack,Wild Charge,Play Rough,6,8,20,100000
Torterra (Shadow),47.9,389,grass,ground,,,,,,,Mud Slap,Frenzy Plant,Sand Tomb,5,4,3,10000
Landorus (Incarnate),47.7,645,ground,flying,,,,,,,Mud Shot,Earth Power,Rock Slide,6,5,20,100000
Snorlax (Shadow),47.7,143,normal,none,,,,,,,Lick,Body Slam,Superpower,12,14,5,75000
Charizard,47.4,6,fire,flying,,,,,,,Dragon Breath,Blast Burn,Air Cutter,13,9,3,10000
Chesnaught,47.4,652,grass,fighting,,,,,,,Low Kick,Superpower,Frenzy Plant,5,6,3,10000
Suicune,47.4,245,water,none,,,,,,,Ice Fang,Scald,Ice Beam,9,10,20,100000
Volcarona,47.1,637,bug,fire,,,,,,,Fire Spin,Overheat,Hurricane,6,6,5,75000
Feraligatr,46.9,160,water,none,,,,,,,Shadow Claw,Hydro Cannon,Ice Beam,5,7,3,10000
Hippowdon (Shadow),46.9,450,ground,none,,,,,,,Sand Attack,Weather Ball (Rock),Earth Power,9,13,3,50000
Moltres (Shadow),46.9,146,fire,flying,,,,,,,Wing Attack,Fly,Heat Wave,6,6,20,100000
Enamorus (Incarnate),46.6,905,fairy,flying,,,,,,,Fairy Wind,Fly,Dazzling Gleam,5,7,20,100000
Magnezone (Shadow),46.6,462,electric,steel,,,,,,,Volt Switch,Wild Charge,Mirror Shot,3,3,3,50000
Throh (Shadow),46.6,538,fighting,none,,,,,,,Low Kick,Brick Break,Body Slam,5,5,5,75000
Ursaluna,46.6,901,ground,normal,,,,,,,Tackle,Swift,High Horsepower,12,20,3,50000
Krookodile,45.5,553,ground,dark,,,,,,,Mud Slap,Crunch,Sand Tomb,5,4,5,75000
Salamence (Shadow),45.5,373,dragon,flying,,,,,,,Dragon Tail,Fly,Brutal Swing,4,3,5,75000
Conkeldurr (Shadow),45.3,534,fighting,none,,,,,,,Force Palm,Dynamic Punch,Brutal Swing,5,4,5,75000
Registeel,45.3,379,steel,none,,,,,,,Lock On,Flash Cannon,Focus Blast,13,15,20,100000
Zapdos (Galarian),45.3,145,fighting,flying,,,,,,,Low Kick,Fly,Brave Bird,6,7,20,100000
Blacephalon,45,806,fire,ghost,,,,,,,Incinerate,Mind Blown,Shadow Ball,2,3,20,100000
Centiskorch,45,851,fire,bug,,,,,,,Ember,Heat Wave,Crunch,5,5,5,75000
Suicune (Shadow),45,245,water,none,,,,,,,Ice Fang,Scald,Ice Beam,9,10,20,100000
Chandelure (Shadow),44.7,609,ghost,fire,,,,,,,Incinerate,Shadow Ball,Flame Charge,3,3,5,75000
Cresselia (Shadow),44.7,488,psychic,none,,,,,,,Confusion,Moonblast,Grass Knot,5,4,20,100000
Diancie,44.7,719,rock,fairy,,,,,,,Rock Throw,Rock Slide,Moonblast,9,12,20,100000
Regirock (Shadow),44.5,377,rock,none,,,,,,,Lock On,Stone Edge,Focus Blast,11,15,20,100000
Slowbro,44.5,80,water,psychic,,,,,,,Confusion,Surf,Drain Punch,4,3,3,50000
Celesteela,43.9,797,steel,flying,,,,,,,Air Slash,Body Slam,Bulldoze,4,5,20,100000
Delphox (Shadow),43.9,655,fire,psychic,,,,,,,Fire Spin,Psyshock,Blast Burn,4,5,3,10000
Scizor (Shadow),43.6,212,bug,steel,,,,,,,Bullet Punch,Night Slash,Trailblaze,5,7,5,75000
Decidueye (Hisuian),43.4,724,grass,fighting,,,,,,,Psycho Cut,Aura Sphere,Trailblaze,5,5,3,10000
Lapras,43.4,131,water,ice,,,,,,,Psywave,Surf,Ice Beam,12,14,5,75000
Ursaluna (Shadow),43.4,901,ground,normal,,,,,,,Tackle,Swift,High Horsepower,12,20,3,50000
Corviknight,42.8,823,flying,steel,,,,,,,Sand Attack,Air Cutter,Iron Head,9,13,1,10000
Tauros (Aqua),42.8,128,fighting,water,,,,,,,Double Kick,Aqua Jet,Trailblaze,4,4,3,50000
Terrakion,42.6,639,rock,fighting,,,,,,,Double Kick,Sacred Sword,Rock Slide,3,4,20,100000
Articuno (Galarian),42.3,144,psychic,flying,,,,,,,Psycho Cut,Ancient Power,Brave Bird,5,7,20,100000
Empoleon (Shadow),42,395,water,steel,,,,,,,Metal Sound,Hydro Cannon,Drill Peck,5,5,3,10000
Necrozma,42,800,psychic,none,,,,,,,Shadow Claw,Dark Pulse,Outrage,7,8,20,100000
Stonjourner,42,874,rock,none,,,,,,,Rock Throw,Rock Slide,Stomp,9,8,5,75000
Aggron,41.8,306,steel,rock,,,,,,,Dragon Tail,Thunder,Rock Tomb,5,5,1,10000
Coalossal,41.8,839,rock,fire,,,,,,,Fire Spin,Rock Slide,Flame Charge,5,5,3,10000
Cryogonal,41.8,615,ice,none,,,,,,,Ice Shard,Triple Axel,Night Slash,5,4,5,75000
Gallade,41.5,475,psychic,fighting,,,,,,,Psycho Cut,Close Combat,Leaf Blade,5,4,5,75000
Heracross,41.5,214,bug,fighting,,,,,,,Fury Cutter,Upper Hand,Rock Tomb,10,13,3,50000
Slowbro (Shadow),41.5,80,water,psychic,,,,,,,Confusion,Surf,Drain Punch,4,3,3,50000
Aurorus,41.2,699,rock,ice,,,,,,,Powder Snow,Weather Ball (Ice),Thunderbolt,5,7,5,75000
Regigigas,41.2,486,normal,none,,,,,,,Hidden Power (Ice),Crush Grip,Thunder,7,8,20,100000
Regigigas (Shadow),41.2,486,normal,none,,,,,,,Hidden Power (Ice),Crush Grip,Thunder,7,8,20,100000
Ampharos,41,181,electric,none,,,,,,,Volt Switch,Brutal Swing,Thunder Punch,3,3,5,75000
Mamoswine,40.7,473,ice,ground,,,,,,,Powder Snow,Icicle Spear,High Horsepower,5,8,3,50000
Swampert (Shadow),40.7,260,water,ground,,,,,,,Mud Shot,Hydro Cannon,Earthquake,5,8,3,10000
Mudsdale,40.4,750,ground,none,,,,,,,Mud Slap,Body Slam,Earthquake,4,7,3,50000
Vikavolt,40.4,738,bug,electric,,,,,,,Volt Switch,Discharge,X-Scissor,3,3,1,10000
Kingdra,40.2,230,water,dragon,,,,,,,Dragon Breath,Surf,Swift,12,9,3,50000
Machamp,40.2,68,fighting,none,,,,,,,Karate Chop,Cross Chop,Rock Slide,4,5,3,50000
Steelix (Shadow),40.2,208,steel,ground,,,,,,,Dragon Tail,Earthquake,Psychic Fangs,6,3,5,75000
Tangrowth,40.2,465,grass,none,,,,,,,Vine Whip,Power Whip,Rock Slide,7,6,3,50000
Tsareena,40.2,763,grass,none,,,,,,,Magical Leaf,Triple Axel,High Jump Kick,5,6,3,10000
Garganacl,39.9,934,rock,none,,,,,,,Mud Shot,Rock Tomb,Rock Blast,6,5,5,50000
Hydrapple,39.6,1019,grass,dragon,,,,,,,Dragon Tail,Seed Bomb,Outrage,4,5,5,75000
Poliwrath,39.6,62,water,fighting,,,,,,,Counter,Scald,Icy Wind,9,8,3,50000
Baxcalibur,39.4,998,dragon,ice,,,,,,,Dragon Breath,Avalanche,Dragon Claw,12,13,5,75000
Hoopa,39.4,720,psychic,ghost,,,,,,,Astonish,Shadow Ball,Psychic,5,6,20,100000
Mesprit,39.4,481,psychic,none,,,,,,,Confusion,Swift,Future Sight,3,5,20,100000
Pangoro,39.4,675,fighting,dark,,,,,,,Karate Chop,Close Combat,Night Slash,5,4,3,50000
Donphan,39.1,232,ground,none,,,,,,,Mud Slap,Body Slam,Earthquake,4,7,3,50000
Regice,39.1,378,ice,none,,,,,,,Lock On,Thunder,Earthquake,12,13,20,100000
Tyrantrum,39.1,697,rock,dragon,,,,,,,Dragon Tail,Meteor Beam,Rock Tomb,5,5,5,75000
Roserade,38.8,407,grass,poison,,,,,,,Poison Sting,Weather Ball (Fire),Leaf Storm,4,7,3,50000
Toedscruel,38.8,949,ground,grass,,,,,,,Mud Slap,Earth Power,Wrap,5,5,3,50000
Aurorus (Shadow),38.6,699,rock,ice,,,,,,,Powder Snow,Weather Ball (Ice),Meteor Beam,5,8,5,75000
Gourgeist (Super),38.6,711,ghost,grass,,,,,,,Incinerate,Shadow Ball,Foul Play,3,2,5,75000
Grimmsnarl,38.6,861,dark,fairy,,,,,,,Sucker Punch,Foul Play,Play Rough,6,9,5,50000
Samurott,38.3,503,water,none,,,,,,,Fury Cutter,Hydro Cannon,Razor Shell,10,9,3,10000
Sinistcha,38.3,1013,grass,ghost,,,,,,,Astonish,Shadow Ball,Energy Ball,5,5,3,50000
Typhlosion (Hisuian),38.3,157,fire,ghost,,,,,,,Hex,Shadow Ball,Fire Punch,4,4,3,10000
Shaymin (Sky),38,492,grass,flying,,,,,,,Magical Leaf,Energy Ball,Grass Knot,5,5,20,100000
Slowking,38,199,water,psychic,,,,,,,Confusion,Surf,Scald,4,4,3,50000
Tornadus (Therian),38,641,flying,none,,,,,,,Gust,Bleakwind Storm,Heat Wave,4,4,20,100000
Typhlosion,38,157,fire,none,,,,,,,Incinerate,Blast Burn,Thunder Punch,3,2,3,10000
Chesnaught (Shadow),37.8,652,grass,fighting,,,,,,,Low Kick,Superpower,Frenzy Plant,5,6,3,10000
Dhelmise,37.8,781,ghost,grass,,,,,,,Shadow Claw,Shadow Ball,Brutal Swing,7,5,5,50000
Excadrill,37.8,530,ground,steel,,,,,,,Mud Shot,Drill Run,Rock Slide,5,5,3,50000
Oranguru,37.8,765,normal,psychic,,,,,,,Confusion,Brutal Swing,Trailblaze,3,4,3,75000
Walrein (Shadow),37.5,365,ice,water,,,,,,,Powder Snow,Icicle Spear,Earthquake,5,9,3,50000
Glimmora,36.9,970,rock,poison,,,,,,,Smack Down,Meteor Beam,Power Gem,8,7,3,50000
Landorus (Incarnate) (Shadow),36.9,645,ground,flying,,,,,,,Mud Shot,Earth Power,Rock Slide,6,5,20,100000
Poliwrath (Shadow),36.9,62,water,fighting,,,,,,,Counter,Scald,Icy Wind,9,8,3,50000
Hoopa (Unbound),36.7,720,psychic,dark,,,,,,,Confusion,Shadow Ball,Dark Pulse,4,4,20,100000
Sandaconda,36.7,844,ground,none,,,,,,,Mud Slap,Earth Power,Wrap,5,5,3,50000
Tentacruel,36.7,73,water,poison,,,,,,,Acid,Scald,Payback,7,8,3,50000
Escavalier,36.4,589,bug,steel,,,,,,,Bug Bite,Drill Run,Megahorn,14,19,3,50000
Quaquaval,36.4,914,water,fighting,,,,,,,Low Kick,Close Combat,Hydro Cannon,6,5,3,10000
Relicanth,36.1,369,water,rock,,,,,,,Water Gun,Aqua Tail,Ancient Power,12,15,5,75000
Aggron (Shadow),35.9,306,steel,rock,,,,,,,Dragon Tail,Thunder,Rock Tomb,5,5,1,10000
Decidueye,35.9,724,grass,ghost,,,,,,,Astonish,Frenzy Plant,Spirit Shackle,5,4,3,10000
Obstagoon,35.9,862,dark,normal,,,,,,,Counter,Night Slash,Obstruct,6,7,3,10000
Venusaur,35.9,3,grass,poison,,,,,,,Vine Whip,Frenzy Plant,Sludge,6,5,3,10000
Golurk,35.6,623,ground,ghost,,,,,,,Astonish,Shadow Punch,Earth Power,4,5,5,75000
Golurk (Shadow),35.6,623,ground,ghost,,,,,,,Astonish,Shadow Punch,Earth Power,4,5,5,75000
Hariyama,35.6,297,fighting,none,,,,,,,Force Palm,Upper Hand,Heavy Slam,4,5,3,50000
Oinkologne (Female),35.6,916,normal,none,,,,,,,Mud Slap,Body Slam,Trailblaze,4,5,1,10000
Passimian,35.6,766,fighting,none,,,,,,,Counter,Close Combat,Brutal Swing,8,6,3,75000
Xurkitree,35.6,796,electric,none,,,,,,,Thunder Shock,Discharge,Dazzling Gleam,5,7,20,100000
Kangaskhan,35.3,115,normal,none,,,,,,,Low Kick,Brick Break,Crunch,5,6,3,50000
Bellibolt,35.1,939,electric,none,,,,,,,Sucker Punch,Discharge,Parabolic Charge,6,8,1,50000
Seismitoad,35.1,537,water,ground,,,,,,,Mud Shot,Earth Power,Icy Wind,6,5,3,50000
Dragapult,34.8,887,dragon,ghost,,,,,,,Dragon Tail,Shadow Ball,Outrage,5,5,5,75000
Mamoswine (Shadow),34.8,473,ice,ground,,,,,,,Powder Snow,High Horsepower,Icicle Spear,8,5,3,50000
Slowking (Shadow),34.8,199,water,psychic,,,,,,,Confusion,Surf,Psychic,4,4,3,50000
Donphan (Shadow),34.5,232,ground,none,,,,,,,Mud Slap,Body Slam,Earthquake,4,7,3,50000
Hariyama (Shadow),34.5,297,fighting,none,,,,,,,Force Palm,Upper Hand,Heavy Slam,4,5,3,50000
Bewear,34.3,760,normal,fighting,,,,,,,Shadow Claw,Superpower,Stomp,5,5,1,10000
Beartic,34,614,ice,none,,,,,,,Powder Snow,Ice Punch,Liquidation,5,6,3,50000
Blastoise,34,9,water,none,,,,,,,Rollout,Hydro Cannon,Ice Beam,4,5,3,10000
Golem (Alolan),34,76,rock,electric,,,,,,,Volt Switch,Wild Charge,Stone Edge,3,4,1,10000
Darmanitan (Standard),33.7,555,fire,none,,,,,,,Incinerate,Rock Slide,Overheat,3,3,3,50000
Machamp (Shadow),33.7,68,fighting,none,,,,,,,Karate Chop,Cross Chop,Stone Edge,4,7,3,50000
Overqwil,33.7,904,dark,poison,,,,,,,Poison Sting,Aqua Tail,Shadow Ball,4,6,5,75000
Uxie,33.7,480,psychic,none,,,,,,,Confusion,Swift,Future Sight,3,5,20,100000
Darmanitan (Standard) (Shadow),33.5,555,fire,none,,,,,,,Incinerate,Rock Slide,Overheat,3,3,3,50000
Escavalier (Shadow),33.5,589,bug,steel,,,,,,,Bug Bite,Drill Run,Megahorn,14,19,3,50000
Tyrantrum (Shadow),33.2,697,rock,dragon,,,,,,,Dragon Tail,Meteor Beam,Rock Tomb,5,5,5,75000
Cinderace,32.9,815,fire,none,,,,,,,Fire Spin,Blast Burn,Pyro Ball,5,4,3,10000
Darmanitan (Galarian),32.9,555,ice,none,,,,,,,Ice Fang,Avalanche,Superpower,8,7,3,50000
Feraligatr (Shadow),32.9,160,water,none,,,,,,,Shadow Claw,Hydro Cannon,Ice Beam,5,7,3,10000
Haxorus,32.9,612,dragon,none,,,,,,,Dragon Tail,Night Slash,Surf,3,4,5,75000
Rhydon,32.9,112,ground,rock,,,,,,,Mud Slap,Stone Edge,Earthquake,6,7,3,50000
Barbaracle,32.7,689,rock,water,,,,,,,Fury Cutter,Cross Chop,Stone Edge,9,14,3,50000
Carracosta (Shadow),32.7,565,water,rock,,,,,,,Rock Throw,Liquidation,Body Slam,9,7,5,75000
Cursola,32.7,864,ghost,none,,,,,,,Astonish,Night Shade,Power Gem,5,5,3,50000
Kingdra (Shadow),32.7,230,water,dragon,,,,,,,Dragon Breath,Surf,Swift,12,9,3,50000
Rhydon (Shadow),32.7,112,ground,rock,,,,,,,Mud Slap,Stone Edge,Earthquake,6,7,3,50000
Samurott (Hisuian),32.7,503,water,dark,,,,,,,Fury Cutter,Sacred Sword,Icy Wind,9,12,3,10000
Electivire,32.4,466,electric,none,,,,,,,Thunder Shock,Wild Charge,Ice Punch,5,5,5,75000
Leafeon,32.4,470,grass,none,,,,,,,Quick Attack,Leaf Blade,Last Resort,5,7,5,75000
Pyroar,32.4,668,fire,normal,,,,,,,Incinerate,Flame Charge,Dark Pulse,3,3,3,10000
Thundurus (Incarnate),32.4,642,electric,flying,,,,,,,Thunder Shock,Crunch,Thunder,5,7,20,100000
Gliscor,32.1,472,ground,flying,,,,,,,Wing Attack,Night Slash,Acrobatics,5,7,5,75000
Lapras (Shadow),32.1,131,water,ice,,,,,,,Psywave,Sparkling Aria,Ice Beam,12,14,5,75000
Muk,32.1,89,poison,none,,,,,,,Acid,Thunder Punch,Dark Pulse,5,7,3,50000
Oinkologne,31.9,916,normal,none,,,,,,,Mud Slap,Body Slam,Trailblaze,4,5,1,10000
Gallade (Shadow),31.6,475,psychic,fighting,,,,,,,Psycho Cut,Close Combat,Leaf Blade,5,4,5,75000
Gliscor (Shadow),31.6,472,ground,flying,,,,,,,Sand Attack,Night Slash,Acrobatics,9,14,5,75000
Venusaur (Shadow),31.6,3,grass,poison,,,,,,,Vine Whip,Frenzy Plant,Sludge,6,5,3,10000
Exeggutor,31.3,103,grass,psychic,,,,,,,Confusion,Seed Bomb,Psychic,3,4,3,50000
Rampardos (Shadow),31.3,409,rock,none,,,,,,,Smack Down,Rock Slide,Flamethrower,6,7,5,75000
Espeon,31,196,psychic,none,,,,,,,Confusion,Psychic Fangs,Shadow Ball,3,4,5,75000
Ampharos (Shadow),30.8,181,electric,none,,,,,,,Volt Switch,Brutal Swing,Thunder Punch,3,3,5,75000
Bewear (Shadow),30.8,760,normal,fighting,,,,,,,Shadow Claw,Superpower,Stomp,5,5,1,10000
Dudunsparce,30.8,982,normal,none,,,,,,,Rollout,Drill Run,Body Slam,4,3,3,50000
Gourgeist (Large),30.8,711,ghost,grass,,,,,,,Incinerate,Shadow Ball,Foul Play,3,2,5,75000
Steelix,30.5,208,steel,ground,,,,,,,Dragon Tail,Earthquake,Psychic Fangs,6,3,5,75000
Vikavolt (Shadow),30.5,738,bug,electric,,,,,,,Volt Switch,Discharge,X-Scissor,3,3,1,10000
Drampa,30.2,780,normal,dragon,,,,,,,Dragon Breath,Swift,Fly,9,12,5,75000
Exeggutor (Shadow),30.2,103,grass,psychic,,,,,,,Confusion,Seed Bomb,Psychic,3,4,3,50000
Magmortar,30,467,fire,none,,,,,,,Karate Chop,Fire Punch,Thunderbolt,5,7,5,75000
Typhlosion (Shadow),30,157,fire,none,,,,,,,Incinerate,Blast Burn,Thunder Punch,3,2,3,10000
Samurott (Shadow),29.7,503,water,none,,,,,,,Fury Cutter,Hydro Cannon,Razor Shell,10,9,3,10000
Slowking (Galarian),29.7,199,poison,psychic,,,,,,,Hex,Psyshock,Shadow Ball,4,4,3,50000
Incineroar,29.4,727,fire,dark,,,,,,,Snarl,Blast Burn,Darkest Lariat,4,5,3,10000
Golem (Alolan) (Shadow),29.2,76,rock,electric,,,,,,,Volt Switch,Wild Charge,Stone Edge,3,4,1,10000
Exeggutor (Alolan),28.9,103,grass,dragon,,,,,,,Dragon Tail,Seed Bomb,Draco Meteor,4,6,3,50000
Muk (Shadow),28.9,89,poison,none,,,,,,,Poison Jab,Thunder Punch,Dark Pulse,6,8,3,50000
Obstagoon (Shadow),28.9,862,dark,normal,,,,,,,Counter,Night Slash,Cross Chop,6,6,3,10000
Omastar,28.9,139,rock,water,,,,,,,Mud Shot,Rock Slide,Rock Blast,5,5,5,75000
Ursaring,28.9,217,normal,none,,,,,,,Shadow Claw,Close Combat,Swift,6,5,3,50000
Golem (Shadow),28.6,76,rock,ground,,,,,,,Mud Slap,Earthquake,Stone Edge,7,6,1,10000
Reuniclus (Shadow),28.6,579,psychic,none,,,,,,,Charm,Psyshock,Shadow Ball,5,7,3,50000
Sneasler,28.6,903,fighting,poison,,,,,,,Shadow Claw,Close Combat,Aerial Ace,6,6,5,75000
Jolteon,28.4,135,electric,none,,,,,,,Volt Switch,Discharge,Last Resort,3,4,5,75000
Lickilicky,28.4,463,normal,none,,,,,,,Rollout,Body Slam,Shadow Ball,3,4,3,50000
Aerodactyl,27.8,142,rock,flying,,,,,,,Dragon Breath,Rock Slide,Earth Power,12,13,5,75000
Rampardos,27.8,409,rock,none,,,,,,,Smack Down,Rock Slide,Flamethrower,6,7,5,75000
Arboliva,27.6,930,grass,normal,,,,,,,Magical Leaf,Earth Power,Energy Ball,5,5,3,50000
Tangrowth (Shadow),27.6,465,grass,none,,,,,,,Vine Whip,Power Whip,Rock Slide,7,6,3,50000
Arcanine (Hisuian),27.3,59,fire,rock,,,,,,,Snarl,Wild Charge,Rock Slide,4,4,3,50000
Glaceon,27.3,471,ice,none,,,,,,,Ice Shard,Avalanche,Water Pulse,5,5,5,75000
Golem,27.3,76,rock,ground,,,,,,,Mud Slap,Earthquake,Stone Edge,7,6,1,10000
Mr. Rime,27.3,866,ice,psychic,,,,,,,Confusion,Ice Punch,Triple Axel,3,4,5,75000
Muk (Alolan),27.3,89,poison,dark,,,,,,,Poison Jab,Dark Pulse,Sludge Wave,8,10,3,50000
Umbreon,27.3,197,dark,none,,,,,,,Snarl,Foul Play,Last Resort,4,5,5,75000
Darkrai,27,491,dark,none,,,,,,,Snarl,Dark Pulse,Focus Blast,4,6,20,100000
Registeel (Shadow),27,379,steel,none,,,,,,,Lock On,Flash Cannon,Focus Blast,13,15,20,100000
Reuniclus,27,579,psychic,none,,,,,,,Charm,Psyshock,Shadow Ball,5,7,3,50000
Excadrill (Shadow),26.8,530,ground,steel,,,,,,,Mud Shot,Drill Run,Rock Slide,5,5,3,50000
Revavroom,26.8,966,steel,poison,,,,,,,Metal Sound,Gyro Ball,Overheat,7,7,3,50000
Tauros (Combat),26.8,128,fighting,none,,,,,,,Double Kick,Close Combat,Trailblaze,4,4,3,50000
Duraludon,26.5,884,steel,dragon,,,,,,,Dragon Tail,Dragon Claw,Flash Cannon,5,6,5,75000
Naganadel,26.5,804,poison,dragon,,,,,,,Poison Jab,Dragon Claw,Sludge Bomb,8,8,20,100000
Miltank,26.2,241,normal,none,,,,,,,Rollout,Body Slam,Ice Beam,3,5,5,75000
Sneasler (Shadow),26.2,903,fighting,poison,,,,,,,Shadow Claw,Close Combat,X-Scissor,6,5,5,75000
Pinsir,26,127,bug,none,,,,,,,Fury Cutter,Close Combat,X-Scissor,12,10,5,75000
Exeggutor (Alolan) (Shadow),25.7,103,grass,dragon,,,,,,,Dragon Tail,Seed Bomb,Draco Meteor,4,6,3,50000
Flareon,25.7,136,fire,none,,,,,,,Ember,Superpower,Heat Wave,5,5,5,75000
Muk (Alolan) (Shadow),25.7,89,poison,dark,,,,,,,Poison Jab,Dark Pulse,Sludge Wave,8,10,3,50000
Azelf,25.4,482,psychic,none,,,,,,,Confusion,Swift,Future Sight,3,5,20,100000
Magmortar (Shadow),25.4,467,fire,none,,,,,,,Karate Chop,Fire Punch,Thunderbolt,5,7,5,75000
Blissey,25.2,242,normal,none,,,,,,,Zen Headbutt,Wild Charge,Dazzling Gleam,8,10,5,75000
Deoxys (Defense),24.9,386,psychic,none,,,,,,,Counter,Psycho Boost,Rock Slide,6,8,20,100000
Klinklang,24.9,601,steel,none,,,,,,,Metal Sound,Mirror Shot,Flash Cannon,5,9,5,75000
Armaldo,24.6,348,rock,bug,,,,,,,Fury Cutter,Rock Blast,Cross Poison,10,9,3,50000
Tentacruel (Shadow),24.6,73,water,poison,,,,,,,Poison Sting,Scald,Payback,6,7,3,50000
Tornadus (Incarnate) (Shadow),24.6,641,flying,none,,,,,,,Air Slash,Hurricane,Dark Pulse,7,6,20,100000
Omastar (Shadow),24.3,139,rock,water,,,,,,,Mud Shot,Rock Slide,Rock Blast,5,5,5,75000
Crobat,24.1,169,poison,flying,,,,,,,Air Slash,Air Cutter,Shadow Ball,4,6,1,10000
Pinsir (Shadow),24.1,127,bug,none,,,,,,,Fury Cutter,Close Combat,X-Scissor,12,10,5,75000
Stoutland,23.8,508,normal,none,,,,,,,Sand Attack,Wild Charge,Crunch,12,12,1,10000
Bisharp,23.5,625,dark,steel,,,,,,,Snarl,Dark Pulse,X-Scissor,4,4,5,75000
Carracosta,23.5,565,water,rock,,,,,,,Water Gun,Liquidation,Body Slam,15,12,5,75000
Crobat (Shadow),23.5,169,poison,flying,,,,,,,Air Slash,Air Cutter,Shadow Ball,4,6,1,10000
Tornadus (Incarnate),23.5,641,flying,none,,,,,,,Air Slash,Hurricane,Dark Pulse,7,6,20,100000
Crabominable,23.3,740,fighting,ice,,,,,,,Bubble,Ice Punch,Brick Break,4,4,3,50000
Sirfetch'd,23.3,865,fighting,none,,,,,,,Fury Cutter,Close Combat,Leaf Blade,12,9,3,50000
Emboar,23,500,fire,fighting,,,,,,,Ember,Blast Burn,Rock Slide,6,5,3,10000
Wyrdeer,23,899,normal,psychic,,,,,,,Confusion,Wild Charge,Stomp,4,3,5,75000
Ursaring (Shadow),22.2,217,normal,none,,,,,,,Shadow Claw,Close Combat,Swift,6,5,3,50000
Arcanine (Shadow),21.7,59,fire,none,,,,,,,Snarl,Wild Charge,Psychic Fangs,4,3,3,50000
Armaldo (Shadow),21.7,348,rock,bug,,,,,,,Fury Cutter,Rock Blast,Cross Poison,10,9,3,50000
Regice (Shadow),21.7,378,ice,none,,,,,,,Lock On,Thunder,Earthquake,12,13,20,100000
Blastoise (Shadow),21.4,9,water,none,,,,,,,Rollout,Hydro Cannon,Ice Beam,4,5,3,10000
Charizard (Shadow),21.1,6,fire,flying,,,,,,,Dragon Breath,Blast Burn,Dragon Claw,13,13,3,10000
Electivire (Shadow),21.1,466,electric,none,,,,,,,Thunder Shock,Wild Charge,Ice Punch,5,5,5,75000
Braviary,20.9,628,normal,flying,,,,,,,Air Slash,Close Combat,Brave Bird,5,7,5,75000
Druddigon,20.9,621,dragon,none,,,,,,,Dragon Tail,Night Slash,Rock Tomb,3,5,5,75000
Yanmega,20.9,469,bug,flying,,,,,,,Wing Attack,Aerial Ace,Ancient Power,6,6,3,50000
Noivern,20.6,715,flying,dragon,,,,,,,Air Slash,Heat Wave,Hurricane,5,7,5,75000
Vanilluxe,20.6,584,ice,none,,,,,,,Astonish,Avalanche,Flash Cannon,5,7,3,50000
Braviary (Hisuian),20.3,628,psychic,flying,,,,,,,Air Slash,Brave Bird,Fly,7,5,5,75000
Bouffalant,20.1,626,normal,none,,,,,,,Mud Shot,Stomp,Earthquake,5,8,3,50000
Darkrai (Shadow),19,491,dark,none,,,,,,,Snarl,Shadow Ball,Dark Pulse,4,4,20,100000
Emboar (Shadow),18.7,500,fire,fighting,,,,,,,Ember,Blast Burn,Rock Slide,6,5,3,10000
Luxray,18.4,405,electric,none,,,,,,,Snarl,Wild Charge,Psychic Fangs,4,3,5,75000
Archeops,18.2,567,rock,flying,,,,,,,Wing Attack,Ancient Power,Crunch,6,6,5,75000
Aerodactyl (Shadow),17.9,142,rock,flying,,,,,,,Dragon Breath,Rock Slide,Earth Power,12,13,5,75000
Polteageist,17.9,855,ghost,none,,,,,,,Hex,Shadow Ball,Dark Pulse,4,4,3,50000
Musharna,17.4,518,psychic,none,,,,,,,Charge Beam,Psyshock,Dazzling Gleam,4,5,3,50000
Archeops (Shadow),16.8,567,rock,flying,,,,,,,Wing Attack,Ancient Power,Crunch,6,6,5,75000
Shaymin (Land),16.3,492,grass,none,,,,,,,Zen Headbutt,Grass Knot,Seed Flare,9,13,20,100000
Luxray (Shadow),16,405,electric,none,,,,,,,Snarl,Wild Charge,Psychic Fangs,4,3,5,75000
Weavile,16,461,dark,ice,,,,,,,Snarl,Avalanche,Focus Blast,4,6,3,50000
Alakazam,15.5,65,psychic,none,,,,,,,Psycho Cut,Fire Punch,Shadow Ball,5,6,3,50000
Kleavor,15.5,900,bug,rock,,,,,,,Quick Attack,X-Scissor,Stone Edge,5,7,5,75000
Porygon2,15.5,233,normal,none,,,,,,,Lock On,Tri Attack,Return,10,14,3,50000
Weavile (Shadow),14.4,461,dark,ice,,,,,,,Snarl,Avalanche,Focus Blast,4,6,3,50000
Alakazam (Shadow),13.6,65,psychic,none,,,,,,,Psycho Cut,Fire Punch,Shadow Ball,5,6,3,50000
Porygon-Z,13.4,474,normal,none,,,,,,,Lock On,Tri Attack,Blizzard,10,15,3,50000
Slaking,12.6,289,normal,none,,,,,,,Yawn,Body Slam,Earthquake,3,6,5,75000
Porygon2 (Shadow),12,233,normal,none,,,,,,,Lock On,Tri Attack,Zap Cannon,10,16,3,50000
Deoxys (Speed),11.7,386,psychic,none,,,,,,,Charge Beam,Psycho Boost,Swift,4,4,20,100000
Porygon-Z (Shadow),10.7,474,normal,none,,,,,,,Lock On,Tri Attack,Blizzard,10,15,3,50000
Slaking (Shadow),10.7,289,normal,none,,,,,,,Yawn,Body Slam,Earthquake,3,6,5,75000
