,Galvantula VS+D/Lu 4/15/9,Galvantula FC+D/Lu 4/15/9,Girafarig Cf+PsF/TBl 4/12/14,Trevenant SC+SeB/SB 3/13/12,Ludicolo A+WBW/LfS 5/13/15,Weezing (Galarian) FW+Sl/BrS 4/14/13,Weezing (Galarian) FW+Sl/Ov 4/14/13,Haunter SC+ShP/IP 5/14/15,Wins,Losses,Draws,Average
Dartrix Pk+BrB/SeB 4/11/14,538,594,590,492,691,564,271,351,5,3,0,511.38
Haunter SC+ShP/IP 5/14/15,638,806,157,370,212,211,478,500,2,5,1,421.5
Galvantula VS+D/Lu 4/15/9,532,233,292,469,425,474,426,361,1,7,0,401.5
Galvantula FC+D/Lu 4/15/9,766,500,488,594,536,297,284,193,3,4,1,457.25
Electrode VS+Tb/FoP 4/9/15,504,360,529,480,538,639,521,533,6,2,0,513
Electrode VS+D/FoP 4/9/15,504,360,529,480,410,426,426,533,3,5,0,458.5
Grimer MSl+Sl/MB 9/15/15,683,590,246,187,500,752,572,787,5,2,1,539.63
Grimer PJ+Sl/MB 9/15/15,323,590,273,324,561,752,758,242,4,4,0,477.88
Emolga TS+Acr/D 4/13/13,716,604,350,732,544,648,487,227,5,3,0,538.5
