Index,Name,Form,Pokemon Number,Gender,CP,HP,Atk IV,Def IV,Sta IV,IV Avg,Level Min,Level Max,Quick Move,Charge Move,Charge Move 2,Scan Date,Original Scan Date,Catch Date,Weight,Height,Lucky,Shadow/Purified,Favorite,Dust,Rank % (G),Rank # (G),Stat Prod (G),Dust Cost (G),Candy Cost (G),Name (G),Form (G),Sha/Pur (G),Rank % (U),Rank # (U),Stat Prod (U),Dust Cost (U),Candy Cost (U),Name (U),Form (U),Sha/Pur (U),Rank % (L),Rank # (L),Stat Prod (L),Dust Cost (L),Candy Cost (L),Name (L),Form (L),Sha/Pur (L),Marked for PvP use
1,Swanna,,581,♀,1500,137,0,12,15,60,27.5,27.5,Gust,Fly,Aqua Jet,2026-06-08 12:50,2024-07-11 10:14,7/9/2024,9.36kg,0.86m,0,0,2,4500,99.98%,2,99.96%,0,0,Swanna,,0,,,,,,,,,,,,,,,,,G
4,Gourgeist,Large,711,♀,1500,124,1,14,15,66.7,22.5,22.5,Incinerate,Shadow Ball,Seed Bomb,2026-06-08 12:49,2026-02-18 23:38,12/29/2025,,,0,0,2,3000,100.00%,1,100%,0,0,Gourgeist,Large,0,,,,,,,,,,,,,,,,,G
6,Forretress,,205,♂,1500,132,0,9,15,53.3,25.5,25.5,Volt Switch,Rock Tomb,Sand Tomb,2026-06-08 12:49,2026-01-20 12:50,1/19/2026,,,0,0,2,4000,100.00%,1,100%,0,0,Forretress,,0,,,,,,,,,,,,,,,,,G
8,Altaria,Normal,334,♀,1500,137,6,14,13,73.3,28,28,Dragon Breath,Flamethrower,Sky Attack,2026-06-08 12:48,2026-02-01 16:48,1/28/2026,,,0,1,2,2640,96.51%,144,97.80%,0,0,Altaria,Normal,1,,,,,,,,,,,,,,,,,G
9,Ludicolo,,272,♀,1500,134,4,15,15,75.6,24,24,Astonish,Energy Ball,Weather Ball,2026-06-08 12:48,2026-02-03 19:57,2/3/2026,76.43kg,1.74m,0,0,2,3500,99.85%,7,99.48%,0,0,Ludicolo,,0,,,,,,,,,,,,,,,,,G
7556,Blastoise,Normal,9,♂,1500,128,0,14,10,53.3,23.5,23.5,Rollout,Hydro Cannon,Skull Bash,2026-02-25 19:53,2025-09-03 18:10,9/3/2025,,,0,0,2,3500,99.95%,3,99.57%,0,0,Blastoise,Normal,0,,,,,,,,,,,,,,,,,G
7560,Corsola,Galar,222,♀,1500,135,11,12,12,77.8,44,44,Astonish,Night Shade,Night Shade,2026-02-24 14:29,2025-06-17 17:24,6/17/2025,0.51kg,0.58m,0,0,2,12000,76.61%,959,95.31%,0,0,Corsola,Galar,0,,,,,,,,,,,,,,,,,G
7561,Kommo-o,,784,♂,1500,106,6,15,15,80,16.5,16.5,Dragon Tail,Clanging Scales,Upper Hand,2026-02-24 14:28,2026-02-18 23:39,6/21/2025,,,0,0,2,1900,99.63%,16,99.14%,0,0,Kommo-o,,0,,,,,,,,,,,,,,,,,G
7562,Regidrago,,895,,1500,234,13,13,14,88.9,18,18,Dragon Breath,Dragon Energy,Vise Grip,2026-02-24 14:28,2025-06-25 21:42,6/24/2025,200.85kg,1.84m,0,0,2,15000,86.59%,550,96.22%,0,0,Regidrago,,0,,,,,,,,,,,,,,,,,G
7564,Zoroark,Hisui,571,♂,1500,97,0,15,11,57.8,21.5,21.5,Shadow Claw,Shadow Ball,Foul Play,2026-02-24 14:28,2026-02-18 23:39,7/11/2025,,,0,0,2,3000,100.00%,1,100%,0,0,Zoroark,Hisui,0,,,,,,,,,,,,,,,,,G
7565,Gogoat,,673,♀,1500,166,1,11,11,51.1,20.5,20.5,Vine Whip,Leaf Blade,Brick Break,2026-02-24 14:28,2025-08-21 9:48,8/14/2025,,,0,0,2,2500,99.02%,41,98.85%,0,0,Gogoat,,0,,,,,,,,,,,,,,,,,G
7566,Murkrow,,198,♀,1500,135,7,11,14,71.1,42,42,Peck,Foul Play,Drill Peck,2026-02-24 14:28,2026-02-18 23:38,8/17/2025,,,0,0,2,11000,90.65%,384,97.35%,0,0,Murkrow,,0,,,,,,,,,,,,,,,,,G
7568,Toucannon,,733,♂,1500,122,4,11,10,55.6,21,21,Peck,Beak Blast,Drill Peck,2026-02-24 14:28,2026-02-18 23:38,9/3/2025,,,0,1,2,3601,98.05%,81,98.28%,0,0,Toucannon,,1,,,,,,,,,,,,,,,,,G
7570,Glalie,Normal,362,♂,1500,140,5,14,15,75.6,26.5,26.5,Powder Snow,Shadow Ball,Avalanche,2026-02-24 14:28,2026-02-18 23:37,8/30/2025,,,0,0,2,4000,97.88%,88,98.50%,0,0,Glalie,Normal,0,,,,,,,,,,,,,,,,,G
7574,Ninetales,Alola,38,♂,1500,126,0,14,12,57.8,25,25,Powder Snow,Chilling Water,Weather Ball,2026-02-24 14:27,2025-12-18 18:33,12/18/2025,,,0,0,2,4000,100.00%,1,100%,0,0,Ninetales,Alola,0,,,,,,,,,,,,,,,,,G
7717,Serperior,,497,♀,1500,132,0,10,15,55.6,25.5,25.5,Vine Whip,Frenzy Plant,Leaf Tornado,2026-02-18 23:43,2026-02-18 23:43,2/1/2025,,,0,0,2,4000,100.00%,1,100%,0,0,Serperior,,0,,,,,,,,,,,,,,,,,G
7718,Feraligatr,,160,♂,1500,119,8,15,4,60,19.5,19.5,Shadow Claw,Ice Beam,Hydro Cannon,2026-02-18 23:43,2026-02-18 23:43,8/24/2024,,,0,1,2,3000,92.21%,320,97.60%,0,0,Feraligatr,,1,,,,,,,,,,,,,,,,,G
7719,Lickilicky,,463,♀,1500,159,0,14,1,33.3,24,24,Rollout,Body Slam,Shadow Ball,2026-02-18 23:43,2026-02-18 23:43,10/12/2024,,,0,0,2,3500,99.54%,20,99.11%,0,0,Lickilicky,,0,,,,,,,,,,,,,,,,,G
7720,Feraligatr,,160,♂,1500,125,5,10,15,66.7,19.5,19.5,Shadow Claw,Hydro Cannon,Ice Beam,2026-02-18 23:43,2026-02-18 23:43,12/18/2024,,,0,1,2,3000,98.10%,79,98.59%,0,0,Feraligatr,,1,,,,,,,,,,,,,,,,,G
7722,Tentacruel,,73,♀,1500,131,5,14,15,75.6,23,23,Acid,Payback,Acid Spray,2026-02-18 23:43,2023-12-01 2:05,6/9/2023,76.77kg,1.9m,0,0,2,3500,99.19%,34,99.01%,0,0,Tentacruel,,0,,,,,,,,,,,,,,,,,G
7723,Pangoro,,675,♂,1500,132,11,14,14,86.7,18.5,18.5,Karate Chop,Close Combat,Night Slash,2026-02-18 23:43,2025-03-30 13:32,10/8/2024,81.48kg,1.67m,0,0,2,2200,96.53%,143,97.89%,0,0,Pangoro,,0,,,,,,,,,,,,,,,,,G
7724,Metang,,375,,1500,132,0,13,15,62.2,38,38,Fury Cutter,Gyro Ball,Psyshock,2026-02-18 23:43,2026-02-18 23:43,8/18/2024,,,0,0,2,9000,100.00%,1,100%,0,0,Metang,,0,,,,,,,,,,,,,,,,,G
7725,Wigglytuff,,40,♀,1500,224,3,14,14,68.9,29.5,29.5,Charm,Icy Wind,Swift,2026-02-18 23:43,2024-08-30 17:42,7/15/2023,,,0,0,2,5000,99.51%,21,99.27%,0,0,Wigglytuff,,0,,,,,,,,,,,,,,,,,G
7726,Amoonguss,,591,♀,1500,180,4,13,13,66.7,26.5,26.5,Astonish,Grass Knot,Foul Play,2026-02-18 23:42,2026-02-18 23:42,10/6/2024,,,0,0,2,4000,98.85%,48,98.38%,0,0,Amoonguss,,0,,,,,,,,,,,,,,,,,G
7727,Furret,,162,♀,1500,162,1,15,14,66.7,35.5,35.5,Sucker Punch,Trailblaze,Swift,2026-02-18 23:42,2026-02-18 23:42,5/18/2025,,,0,0,2,15000,100.00%,1,100%,0,0,Furret,,0,,,,,,,,,,,,,,,,,G
7728,Marowak,Alola,105,♀,1500,125,5,12,15,71.1,31.5,31.5,Hex,Shadow Bone,Bone Club,2026-02-18 23:42,2026-02-18 23:42,12/21/2024,,,0,0,2,6000,92.72%,299,97.65%,0,0,Marowak,Alola,0,,,,,,,,,,,,,,,,,G
7729,Weezing,Galar,110,♀,1500,116,5,12,13,66.7,24.5,24.5,Fairy Wind,Sludge,Brutal Swing,2026-02-18 23:42,2026-02-18 23:42,9/18/2024,,,0,0,2,3500,97.97%,84,98.17%,0,0,Weezing,Galar,0,,,,,,,,,,,,,,,,,G
7730,Typhlosion,Normal,157,♀,1500,115,7,14,12,73.3,19,19,Incinerate,Blast Burn,Thunder Punch,2026-02-18 23:41,2026-02-18 23:41,9/17/2024,,,0,1,2,3000,98.36%,68,98.25%,0,0,Typhlosion,Normal,1,,,,,,,,,,,,,,,,,G
7731,Oranguru,,765,♀,1500,141,1,7,9,37.8,24,24,Confusion,Trailblaze,Brutal Swing,2026-02-18 23:41,2026-02-18 23:41,9/22/2024,,,0,0,2,3500,98.29%,71,98.33%,0,0,Oranguru,,0,,,,,,,,,,,,,,,,,G
7732,Skarmory,,227,♀,1500,123,0,15,14,64.4,27.5,27.5,Steel Wing,Brave Bird,Sky Attack,2026-02-18 23:41,2024-06-05 20:00,6/5/2024,32.06kg,1.5m,0,0,2,4500,100.00%,1,100%,0,0,Skarmory,,0,,,,,,,,,,,,,,,,,G
7733,Stunfisk,Normal,618,♂,1500,173,6,12,14,71.1,26,26,Thunder Shock,Discharge,Mud Bomb,2026-02-18 23:39,2023-12-01 2:13,4/30/2023,20.21kg,0.94m,0,0,2,4000,96.61%,140,98.04%,0,0,Stunfisk,Normal,0,,,,,,,,,,,,,,,,,G
7734,Flygon,,330,♀,1500,125,4,11,15,66.7,21,21,Dragon Tail,Earth Power,Sand Tomb,2026-02-18 23:39,2023-12-01 2:09,6/20/2023,62.37kg,1.92m,0,0,2,3000,99.17%,35,98.99%,0,0,Flygon,,0,,,,,,,,,,,,,,,,,G
7735,Dedenne,,702,♀,1500,134,2,15,15,71.1,31.5,31.5,Thunder Shock,Play Rough,Parabolic Charge,2026-02-18 23:39,2023-12-01 2:14,11/20/2022,,,0,0,2,6000,99.78%,10,99.48%,0,0,Dedenne,,0,,,,,,,,,,,,,,,,,G
7736,Empoleon,,395,♂,1500,125,0,13,15,62.2,19.5,19.5,Steel Wing,Hydro Cannon,Drill Peck,2026-02-18 23:39,2024-02-21 2:59,2/21/2024,,,0,0,2,2500,100.00%,1,100%,0,0,Empoleon,,0,,,,,,,,,,,,,,,,,G
7737,Dragonair,,148,♂,1500,129,0,11,14,55.6,35.5,35.5,Dragon Breath,Wrap,Aqua Tail,2026-02-18 23:39,2023-12-01 2:06,11/5/2022,17.06kg,4.5m,0,0,2,15000,99.41%,25,99.01%,0,0,Dragonair,,0,,,,,,,,,,,,,,,,,G
7738,Ferrothorn,,598,♂,1500,126,5,15,15,77.8,24,24,Bullet Seed,Thunder,Power Whip,2026-02-18 23:39,2024-07-16 11:30,7/14/2024,,,0,0,2,3500,98.07%,80,98.32%,0,0,Ferrothorn,,0,,,,,,,,,,,,,,,,,G
7739,Corviknight,,823,♂,1500,152,0,13,14,60,23.5,23.5,Sand Attack,Air Cutter,Payback,2026-02-18 23:39,2026-02-18 23:39,5/3/2025,,,0,0,2,3500,100.00%,1,100%,0,0,Corviknight,,0,,,,,,,,,,,,,,,,,G
7740,Dialga,Normal,483,,1500,104,12,10,8,66.7,13.5,13.5,Dragon Breath,Thunder,Iron Head,2026-02-18 23:39,2026-02-18 23:39,5/17/2025,,,0,1,2,1921,85.59%,591,97.42%,0,0,Dialga,Normal,1,,,,,,,,,,,,,,,,,G
7741,Scizor,Normal,212,♀,1500,103,1,15,6,48.9,19,19,Bullet Punch,Trailblaze,Night Slash,2026-02-18 23:39,2026-02-18 23:39,6/22/2024,,,0,1,2,3000,99.10%,38,98.86%,0,0,Scizor,Normal,1,,,,,,,,,,,,,,,,,G
7742,Salazzle,,758,♀,1500,115,6,15,15,80,22,22,Incinerate,Dragon Pulse,Poison Fang,2026-02-18 23:39,2025-05-13 10:58,11/27/2024,37.2kg,1.44m,0,0,2,3000,99.73%,12,99.48%,0,0,Salazzle,,0,,,,,,,,,,,,,,,,,G
7743,Mantine,,226,♀,1500,123,0,15,14,64.4,27.5,27.5,Wing Attack,Water Pulse,Aerial Ace,2026-02-18 23:39,2024-09-06 14:47,4/4/2024,173.22kg,1.82m,0,0,2,4500,100.00%,1,100%,0,0,Mantine,,0,,,,,,,,,,,,,,,,,G
7744,Zweilous,,634,♂,1500,143,0,11,14,55.6,33.5,33.5,Dragon Breath,Dark Pulse,Body Slam,2026-02-18 23:38,2025-05-21 18:24,5/21/2025,,,0,0,2,7000,99.95%,3,99.59%,0,0,Zweilous,,0,,,,,,,,,,,,,,,,,G
7745,Bibarel,,400,♀,1500,152,1,11,15,60,33.5,33.5,Rollout,Hyper Fang,Surf,2026-02-18 23:38,2026-02-18 23:38,5/9/2023,,,0,0,2,7000,99.12%,37,99.00%,0,0,Bibarel,,0,,,,,,,,,,,,,,,,,G
7746,Haxorus,,612,♀,1500,103,1,12,14,60,15.5,15.5,Counter,Breaking Swipe,Night Slash,2026-02-18 23:38,2023-12-01 2:13,6/10/2023,59.71kg,1.39m,0,0,2,1900,99.78%,10,99.27%,0,0,Haxorus,,0,,,,,,,,,,,,,,,,,G
7747,Drapion,,452,♂,1500,118,0,14,11,55.6,23.5,23.5,Poison Sting,Crunch,Aqua Tail,2026-02-18 23:38,2024-08-23 11:03,8/23/2024,92.58kg,1.54m,0,1,2,4200,99.95%,3,99.74%,0,0,Drapion,,1,,,,,,,,,,,,,,,,,G
7748,Slurpuff,,685,♂,1500,137,5,15,11,68.9,25.5,25.5,Fairy Wind,Flamethrower,Energy Ball,2026-02-18 23:38,2023-12-01 2:14,6/24/2023,,,0,0,2,4000,97.66%,97,98.10%,0,0,Slurpuff,,0,,,,,,,,,,,,,,,,,G
7749,Cradily,,346,♂,1500,142,7,15,14,80,25,25,Acid,Rock Tomb,Grass Knot,2026-02-18 23:38,2026-02-18 23:38,8/13/2024,,,0,0,2,4000,93.46%,269,97.83%,0,0,Cradily,,0,,,,,,,,,,,,,,,,,G
7750,Golurk,,623,,1500,129,0,12,11,51.1,20,20,Mud-Slap,Dynamic Punch,Shadow Punch,2026-02-18 23:38,2026-02-18 23:38,10/13/2024,,,0,1,2,18000,99.98%,2,99.84%,0,0,Golurk,,1,,,,,,,,,,,,,,,,,G
7752,Venusaur,Normal,3,♂,1500,122,4,14,13,68.9,20.5,20.5,Vine Whip,Frenzy Plant,Sludge Bomb,2026-02-18 23:38,2023-12-01 2:03,8/29/2023,93.27kg,1.66m,0,0,2,2500,99.00%,42,98.78%,0,0,Venusaur,Normal,0,,,,,,,,,,,,,,,,,G
7753,Froslass,,478,♀,1500,131,0,11,13,53.3,28.5,28.5,Powder Snow,Shadow Ball,Avalanche,2026-02-18 23:38,2024-09-06 15:15,12/28/2023,,,0,0,2,4500,99.56%,19,98.57%,0,0,Froslass,,0,,,,,,,,,,,,,,,,,G
7755,Clefable,,36,♀,1500,147,2,12,11,55.6,23.5,23.5,Fairy Wind,Moonblast,Meteor Mash,2026-02-18 23:38,2026-02-18 23:38,1/15/2024,,,0,0,2,3500,99.61%,17,99.20%,0,0,Clefable,,0,,,,,,,,,,,,,,,,,G
7756,Araquanid,,752,♂,1500,136,2,15,11,62.2,34,34,Bug Bite,Water Pulse,Bubble Beam,2026-02-18 23:38,2026-02-18 23:38,1/1/2024,,,0,0,2,15000,99.37%,27,99.29%,0,0,Araquanid,,0,,,,,,,,,,,,,,,,,G
7757,Abomasnow,Normal,460,♂,1500,143,5,15,14,75.6,23.5,23.5,Powder Snow,Energy Ball,Weather Ball,2026-02-18 23:38,2026-02-18 23:38,11/25/2024,,,0,1,2,4200,99.58%,18,99.28%,0,0,Abomasnow,Normal,1,,,,,,,,,,,,,,,,,G
7758,Fearow,,22,♀,1500,125,0,12,12,53.3,29,29,Peck,Drill Run,Drill Peck,2026-02-18 23:38,2025-02-22 12:09,2/18/2025,,,0,0,2,5000,99.54%,20,98.90%,0,0,Fearow,,0,,,,,,,,,,,,,,,,,G
7759,Annihilape,,979,♀,1500,140,3,15,13,68.9,17,17,Counter,Rage Fist,Ice Punch,2026-02-18 23:38,2026-02-18 23:38,11/10/2024,,,0,0,2,2200,99.90%,5,99.74%,0,0,Annihilape,,0,,,,,,,,,,,,,,,,,G
7760,Spiritomb,,442,♂,1500,103,12,6,13,68.9,26.5,26.5,Sucker Punch,Shadow Ball,Rock Tomb,2026-02-18 23:38,2026-02-18 23:38,10/31/2023,,,0,0,2,4000,73.43%,1089,96.07%,0,0,Spiritomb,,0,,,,,,,,,,,,,,,,,G
7761,Charizard,Normal,6,♀,1500,114,12,14,14,88.9,18.5,18.5,Dragon Breath,Blast Burn,Air Cutter,2026-02-18 23:38,2023-12-03 22:48,9/5/2022,,,0,1,2,2640,89.21%,443,96.90%,0,0,Charizard,Normal,1,,,,,,,,,,,,,,,,,G
7762,Malamar,Normal,687,♀,1500,136,13,15,15,95.6,22.5,22.5,Psywave,Superpower,Foul Play,2026-02-18 23:37,2026-02-18 23:37,5/23/2025,,,0,1,2,3601,88.69%,464,97.15%,0,0,Malamar,Normal,1,,,,,,,,,,,,,,,,,G
7763,Milotic,,350,♀,1500,134,0,11,15,57.8,19,19,Dragon Tail,Wrap,Aqua Tail,2026-02-18 23:37,2026-02-18 23:37,9/29/2023,,,0,0,2,2500,99.95%,3,99.78%,0,0,Milotic,,0,,,,,,,,,,,,,,,,,G
7764,Piloswine,,221,♂,1500,155,0,15,10,55.6,24.5,24.5,Powder Snow,Stone Edge,Icicle Spear,2026-02-18 23:37,2024-02-09 16:28,2/9/2024,32.38kg,0.87m,0,0,2,3500,100.00%,1,100%,0,0,Piloswine,,0,,,,,,,,,,,,,,,,,G
7765,Primeape,,57,♀,1500,117,1,15,15,68.9,24.5,24.5,Low Kick,Rage Fist,Close Combat,2026-02-18 23:37,2024-09-12 16:14,9/12/2024,58.89kg,1.33m,0,0,2,3500,100.00%,1,100%,0,0,Primeape,,0,,,,,,,,,,,,,,,,,G
7766,Annihilape,,979,♂,1500,134,13,15,6,75.6,16.5,16.5,Counter,Rage Fist,Close Combat,2026-02-18 23:37,2026-02-18 23:37,12/18/2024,,,0,0,2,1900,82.52%,717,96.81%,0,0,Annihilape,,0,,,,,,,,,,,,,,,,,G
7767,Steelix,Normal,208,♀,1500,126,6,5,14,55.6,23.5,23.5,Thunder Fang,Crunch,Psychic Fangs,2026-02-18 23:37,2026-02-18 23:37,1/13/2023,,,0,1,2,4200,93.43%,270,97.14%,0,0,Steelix,Normal,1,,,,,,,,,,,,,,,,,G
7768,Hippowdon,,450,♀,1500,142,5,13,13,68.9,18,18,Ice Fang,Scorching Sands,Weather Ball,2026-02-18 23:37,2026-02-18 23:37,6/28/2024,,,0,0,2,2200,98.24%,73,98.54%,0,0,Hippowdon,,0,,,,,,,,,,,,,,,,,G
7769,Dunsparce,,206,♀,1500,188,1,14,15,66.7,39,39,Rollout,Drill Run,Rock Slide,2026-02-18 23:37,2026-02-18 23:37,11/16/2022,,,0,0,2,15000,99.95%,3,99.86%,0,0,Dunsparce,,0,,,,,,,,,,,,,,,,,G
7770,Charizard,Normal,6,♀,1500,112,15,14,9,84.4,18.5,18.5,Ember,Blast Burn,Air Cutter,2026-02-18 23:37,2023-12-03 22:48,11/13/2022,,,0,1,2,2640,82.78%,706,96.41%,0,0,Charizard,Normal,1,,,,,,,,,,,,,,,,,G
7772,Goodra,Normal,706,♂,1500,118,1,14,14,64.4,16,16,Dragon Breath,Thunder Punch,Aqua Tail,2026-02-18 23:37,2024-06-09 14:56,6/9/2024,64.23kg,1.54m,0,0,2,1900,100.00%,1,100%,0,0,Goodra,Normal,0,,,,,,,,,,,,,,,,,G
7773,Golbat,,42,♂,1500,139,3,11,13,60,29,29,Wing Attack,Shadow Ball,Poison Fang,2026-02-18 23:37,2024-08-30 17:43,8/24/2023,,,0,1,2,6000,98.12%,78,97.98%,0,0,Golbat,,1,,,,,,,,,,,,,,,,,G
7774,Sealeo,,364,♂,1500,170,2,14,13,64.4,37.5,37.5,Powder Snow,Surf,Body Slam,2026-02-18 23:37,2024-10-02 16:06,10/1/2024,,,0,0,2,9000,99.22%,33,98.87%,0,0,Sealeo,,0,,,,,,,,,,,,,,,,,G
7775,Dusclops,,356,♀,1500,107,4,13,14,68.9,42.5,42.5,Hex,Ice Punch,Shadow Punch,2026-02-18 23:37,2026-02-18 23:37,10/6/2022,,,0,0,2,12000,96.09%,161,98.15%,0,0,Dusclops,,0,,,,,,,,,,,,,,,,,G
7776,Pelipper,,279,♀,1500,116,4,12,14,66.7,26.5,26.5,Wing Attack,Hurricane,Weather Ball,2026-02-18 23:37,2024-01-06 12:02,6/8/2023,45.51kg,1.4m,0,0,2,4000,99.41%,25,98.69%,0,0,Pelipper,,0,,,,,,,,,,,,,,,,,G
7777,Gastrodon,,423,♀,1500,170,1,15,14,66.7,24.5,24.5,Mud-Slap,Water Pulse,Body Slam,2026-02-18 23:37,2024-12-31 13:52,12/31/2024,33.39kg,0.9m,0,0,2,3500,100.00%,1,100%,0,0,Gastrodon,,0,,,,,,,,,,,,,,,,,G
7778,Poliwrath,,62,♂,1500,137,2,12,13,60,22,22,Counter,Ice Punch,Scald,2026-02-18 23:36,2023-12-01 2:05,7/30/2023,54.7kg,1.31m,0,0,2,3000,99.24%,32,98.64%,0,0,Poliwrath,,0,,,,,,,,,,,,,,,,,G
7,Ninetales,Normal,38,♀,1499,127,3,10,14,60,25,25,Ember,Energy Ball,Weather Ball,2026-06-08 12:48,2026-01-25 3:02,1/25/2026,,,0,1,2,4800,98.58%,59,98.52%,0,0,Ninetales,Normal,1,,,,,,,,,,,,,,,,,G
10,Kingdra,,230,♀,1499,120,2,11,13,57.8,21.5,21.5,Dragon Breath,Surf,Swift,2026-06-08 12:47,2026-03-01 22:10,3/1/2026,,,0,0,2,3000,99.78%,10,99.10%,0,0,Kingdra,,0,,,,,,,,,,,,,,,,,G
7571,Altaria,Normal,334,♀,1499,135,7,13,11,68.9,28,28,Dragon Breath,Flamethrower,Sky Attack,2026-02-24 14:28,2026-02-18 23:43,10/12/2025,,,0,0,2,4500,84.44%,638,96.58%,0,0,Altaria,Normal,0,,,,,,,,,,,,,,,,,G
7572,Spidops,,918,♀,1499,133,0,13,14,60,39.5,39.5,Shadow Claw,Rock Tomb,Lunge,2026-02-24 14:27,2026-02-18 23:44,11/4/2025,,,0,0,2,15000,100.00%,1,100%,0,0,Spidops,,0,,,,,,,,,,,,,,,,,G
7573,Thievul,,828,♂,1499,127,0,15,11,57.8,27,27,Sucker Punch,Play Rough,Night Slash,2026-02-24 14:27,2026-02-18 23:45,11/16/2025,,,0,0,2,4500,100.00%,1,100%,0,0,Thievul,,0,,,,,,,,,,,,,,,,,G
7671,Bruxish,,779,♀,1499,119,1,14,15,66.7,23.5,23.5,Bite,Psychic Fangs,Aqua Tail,2026-02-18 23:47,2026-02-18 23:47,9/10/2024,,,0,0,2,3500,99.98%,2,99.85%,0,0,Bruxish,,0,,,,,,,,,,,,,,,,,G
7672,Raticate,Alola,20,♀,1499,153,0,13,14,60,39,39,Quick Attack,Hyper Fang,Crunch,2026-02-18 23:47,2023-12-01 2:03,11/26/2022,30.06kg,0.76m,0,0,2,15000,100.00%,1,100%,0,0,Raticate,Alola,0,,,,,,,,,,,,,,,,,G
7673,Toxapex,,748,♂,1499,120,0,15,15,66.7,40.5,40.5,Poison Jab,Sludge Wave,Brine,2026-02-18 23:47,2026-02-18 23:47,12/20/2024,,,0,0,2,11000,100.00%,1,100%,0,0,Toxapex,,0,,,,,,,,,,,,,,,,,G
7674,Azumarill,,184,♂,1499,195,1,14,15,66.7,45,45,Bubble,Play Rough,Ice Beam,2026-02-18 23:46,2024-01-13 19:51,1/13/2024,,,0,0,2,13000,99.63%,16,99.17%,0,0,Azumarill,,0,,,,,,,,,,,,,,,,,G
7675,Decidueye,Normal,724,♂,1499,119,5,12,14,68.9,20,20,Astonish,Frenzy Plant,Spirit Shackle,2026-02-18 23:46,2023-12-01 2:15,10/11/2022,,,0,0,2,2500,98.73%,53,98.85%,0,0,Decidueye,Normal,0,,,,,,,,,,,,,,,,,G
7676,Cofagrigus,,563,♂,1499,109,3,13,13,64.4,25,25,Shadow Claw,Dark Pulse,Shadow Ball,2026-02-18 23:46,2023-12-01 2:12,10/21/2022,86.8kg,1.89m,0,0,2,4000,99.27%,31,98.83%,0,0,Cofagrigus,,0,,,,,,,,,,,,,,,,,G
7677,Mightyena,,262,♂,1499,135,0,13,13,57.8,30,30,Sucker Punch,Crunch,Poison Fang,2026-02-18 23:46,2026-02-18 23:46,1/27/2023,,,0,0,2,5000,99.98%,2,99.95%,0,0,Mightyena,,0,,,,,,,,,,,,,,,,,G
7678,Altaria,Normal,334,♂,1499,139,4,11,14,64.4,28.5,28.5,Dragon Breath,Moonblast,Sky Attack,2026-02-18 23:46,2024-04-05 14:41,4/4/2024,,,0,0,2,4500,98.39%,67,98.24%,0,0,Altaria,Normal,0,,,,,,,,,,,,,,,,,G
7679,Magnezone,,462,,1499,103,2,3,10,33.3,18,18,Volt Switch,Wild Charge,Mirror Shot,2026-02-18 23:46,2026-02-18 23:46,1/23/2024,,,0,1,2,18000,97.26%,113,98.01%,0,0,Magnezone,,1,,,,,,,,,,,,,,,,,G
7680,Whiscash,,340,♂,1499,177,5,15,13,73.3,27,27,Mud Shot,Scald,Mud Bomb,2026-02-18 23:46,2024-01-25 1:39,1/23/2024,,,0,0,2,4500,98.80%,50,98.59%,0,0,Whiscash,,0,,,,,,,,,,,,,,,,,G
7681,Greninja,,658,♂,1499,115,7,9,12,62.2,21,21,Water Shuriken,Hydro Cannon,Night Slash,2026-02-18 23:46,2026-02-18 23:46,8/13/2023,,,0,0,2,3000,95.56%,183,98.11%,0,0,Greninja,,0,,,,,,,,,,,,,,,,,G
7682,Swalot,,317,♂,1499,172,0,15,13,62.2,29.5,29.5,Mud Shot,Ice Beam,Sludge,2026-02-18 23:46,2026-02-18 23:46,5/29/2024,,,0,0,2,5000,99.98%,2,100%,0,0,Swalot,,0,,,,,,,,,,,,,,,,,G
7684,Trevenant,,709,♀,1499,132,5,9,13,60,22,22,Shadow Claw,Shadow Ball,Seed Bomb,2026-02-18 23:45,2023-12-01 2:14,10/24/2023,62.91kg,1.52m,0,0,2,3000,97.44%,106,98.11%,0,0,Trevenant,,0,,,,,,,,,,,,,,,,,G
7685,Annihilape,,979,♀,1499,141,4,3,12,42.2,17.5,17.5,Counter,Rage Fist,Ice Punch,2026-02-18 23:45,2026-02-18 23:45,3/6/2025,,,0,0,2,15000,89.87%,416,97.41%,0,0,Annihilape,,0,,,,,,,,,,,,,,,,,G
7686,Emolga,,587,♀,1499,127,0,12,14,57.8,41.5,41.5,Thunder Shock,Acrobatics,Discharge,2026-02-18 23:45,2026-02-18 23:45,3/3/2024,,,0,0,2,11000,99.58%,18,99.13%,0,0,Emolga,,0,,,,,,,,,,,,,,,,,G
7687,Ariados,,168,♂,1499,137,11,14,14,86.7,31,31,Poison Sting,Trailblaze,Lunge,2026-02-18 23:45,2026-02-18 23:45,7/13/2024,,,0,0,2,15000,81.71%,750,96.73%,0,0,Ariados,,0,,,,,,,,,,,,,,,,,G
7689,Togetic,,176,♂,1499,124,0,15,13,62.2,38.5,38.5,Fairy Wind,Dazzling Gleam,Psyshock,2026-02-18 23:45,2023-12-16 22:48,12/16/2023,4.71kg,0.7m,0,0,2,15000,99.95%,3,99.71%,0,0,Togetic,,0,,,,,,,,,,,,,,,,,G
7690,Gyarados,Normal,130,♂,1499,125,0,14,15,64.4,16.5,16.5,Dragon Breath,Crunch,Aqua Tail,2026-02-18 23:45,2026-02-18 23:45,1/31/2025,,,0,0,2,1900,100.00%,1,100%,0,0,Gyarados,Normal,0,,,,,,,,,,,,,,,,,G
7692,Drapion,,452,♀,1499,118,4,11,13,62.2,23,23,Poison Sting,Crunch,Aqua Tail,2026-02-18 23:45,2026-02-18 23:45,5/23/2023,,,0,0,2,3500,97.85%,89,98.40%,0,0,Drapion,,0,,,,,,,,,,,,,,,,,G
7693,Victreebel,Normal,71,♀,1499,130,4,12,14,66.7,23,23,Magical Leaf,Sludge Bomb,Leaf Blade,2026-02-18 23:45,2024-04-20 16:47,4/20/2024,,,0,0,2,3500,98.68%,55,98.65%,0,0,Victreebel,Normal,0,,,,,,,,,,,,,,,,,G
7694,Dragonite,,149,♂,1499,112,4,15,12,68.9,14.5,14.5,Dragon Breath,Thunder Punch,Superpower,2026-02-18 23:45,2023-12-01 2:06,11/24/2023,138.77kg,1.77m,0,1,2,1921,99.83%,8,99.49%,0,0,Dragonite,Normal,1,,,,,,,,,,,,,,,,,G
7696,Ninetales,Alola,38,♀,1499,125,2,10,11,51.1,25,25,Powder Snow,Dazzling Gleam,Weather Ball,2026-02-18 23:45,2024-08-30 17:42,5/8/2023,,,0,1,2,4800,98.22%,74,98.43%,0,0,Ninetales,Alola,1,,,,,,,,,,,,,,,,,G
7697,Florges,,671,♀,1499,110,5,14,15,75.6,17,17,Fairy Wind,Trailblaze,Chilling Water,2026-02-18 23:45,2026-02-18 23:45,3/22/2024,,,0,0,2,2200,98.90%,46,98.54%,0,0,Florges,,0,,,,,,,,,,,,,,,,,G
7699,Steelix,Normal,208,♀,1499,127,0,15,14,64.4,24,24,Thunder Fang,Crunch,Psychic Fangs,2026-02-18 23:45,2024-04-05 14:40,4/5/2024,,,0,0,2,3500,99.95%,3,99.57%,0,0,Steelix,Normal,0,,,,,,,,,,,,,,,,,G
7700,Malamar,Normal,687,♂,1499,136,4,15,8,60,24,24,Psywave,Superpower,Foul Play,2026-02-18 23:45,2026-02-18 23:45,9/6/2024,,,0,0,2,3500,98.63%,57,98.72%,0,0,Malamar,Normal,0,,,,,,,,,,,,,,,,,G
7701,Morpeko,,877,♀,1499,117,10,12,15,82.2,28,28,Thunder Shock,Aura Wheel,Psychic Fangs,2026-02-18 23:45,2024-11-01 19:17,10/30/2024,3.18kg,0.3m,0,0,2,4500,92.09%,325,97.16%,0,0,Morpeko,,0,,,,,,,,,,,,,,,,,G
7702,Whimsicott,,547,♂,1499,118,4,14,13,68.9,28,28,Fairy Wind,Moonblast,Seed Bomb,2026-02-18 23:45,2024-01-01 17:10,1/1/2024,8.59kg,0.77m,0,0,2,4500,98.14%,77,98.15%,0,0,Whimsicott,,0,,,,,,,,,,,,,,,,,G
7703,Rapidash,Galar,78,♀,1499,110,10,14,13,82.2,22,22,Fairy Wind,Megahorn,Body Slam,2026-02-18 23:44,2026-02-18 23:44,9/14/2024,,,0,0,2,3000,94.77%,215,97.31%,0,0,Rapidash,Galar,0,,,,,,,,,,,,,,,,,G
7704,Golisopod,,768,♀,1499,111,0,8,15,51.1,18,18,Shadow Claw,Aqua Jet,X-Scissor,2026-02-18 23:44,2024-04-05 14:42,4/5/2024,,,0,0,2,2200,100.00%,1,100%,0,0,Golisopod,,0,,,,,,,,,,,,,,,,,G
7705,Forretress,,205,♀,1499,128,8,14,15,82.2,24,24,Bug Bite,Rock Tomb,Sand Tomb,2026-02-18 23:44,2026-02-18 23:44,1/16/2024,,,0,1,2,4200,95.78%,174,98.04%,0,0,Forretress,,1,,,,,,,,,,,,,,,,,G
7706,Feraligatr,,160,♂,1499,126,0,11,13,53.3,20,20,Shadow Claw,Hydro Cannon,Ice Beam,2026-02-18 23:44,2026-02-18 23:44,11/2/2024,,,0,0,2,2500,100.00%,1,100%,0,0,Feraligatr,,0,,,,,,,,,,,,,,,,,G
7707,Grumpig,,326,♀,1499,134,1,14,15,66.7,24,24,Psywave,Shadow Ball,Dynamic Punch,2026-02-18 23:44,2026-02-18 23:44,5/8/2025,,,0,0,2,3500,100.00%,1,100%,0,0,Grumpig,,0,,,,,,,,,,,,,,,,,G
7708,Jumpluff,,189,♀,1499,157,0,14,14,62.2,43,43,Fairy Wind,Energy Ball,Aerial Ace,2026-02-18 23:44,2024-03-11 21:24,3/11/2024,,,0,0,2,12000,100.00%,1,100%,0,0,Jumpluff,,0,,,,,,,,,,,,,,,,,G
7709,Magcargo,,219,♀,1499,119,0,11,15,57.8,39,39,Ember,Overheat,Rock Tomb,2026-02-18 23:44,2024-09-06 14:46,3/13/2024,,,0,0,2,15000,99.98%,2,99.61%,0,0,Magcargo,,0,,,,,,,,,,,,,,,,,G
7710,Vigoroth,,288,♂,1499,147,0,13,13,57.8,29.5,29.5,Counter,Rock Slide,Body Slam,2026-02-18 23:44,2024-09-06 14:52,6/7/2024,,,0,0,2,5000,99.95%,3,99.83%,0,0,Vigoroth,,0,,,,,,,,,,,,,,,,,G
7712,Medicham,Normal,308,♀,1499,142,5,15,15,77.8,50,50,Psycho Cut,Dynamic Punch,Ice Punch,2026-02-18 23:43,2023-12-01 2:09,9/23/2023,50.78kg,1.62m,0,0,2,15000,100.00%,1,100%,0,0,Medicham,Normal,0,,,,,,,,,,,,,,,,,G
7713,Wormadam,Trash,413,♀,1499,137,0,14,14,62.2,44.5,44.5,Bug Bite,Bug Buzz,Iron Head,2026-02-18 23:43,2026-02-18 23:43,2/5/2025,,,0,0,2,13000,99.98%,2,99.80%,0,0,Wormadam,Trash,0,,,,,,,,,,,,,,,,,G
7714,Greedent,,820,♀,1499,179,0,13,12,55.6,24.5,24.5,Mud Shot,Body Slam,,2026-02-18 23:43,2023-12-01 2:15,11/13/2022,3.9kg,0.48m,0,0,2,3500,99.90%,5,99.48%,0,0,Greedent,,0,,,,,,,,,,,,,,,,,G
8754,Mothim,,414,♂,1499,137,4,15,13,71.1,31.5,31.5,Air Slash,Psybeam,,2025-02-05 14:11,2023-12-01 2:11,11/7/2022,30.71kg,1.07m,0,0,2,6000,99.46%,23,99.08%,0,0,Mothim,,0,,,,,,,,,,,,,,,,,G
11,Poliwrath,,62,♀,1498,139,0,14,15,64.4,22,22,Mud Shot,Dynamic Punch,Icy Wind,2026-06-08 12:46,2026-03-28 21:23,3/25/2026,,,0,0,2,3000,100.00%,1,100%,0,0,Poliwrath,,0,,,,,,,,,,,,,,,,,G
7656,Mandibuzz,,630,♀,1498,180,0,13,15,62.2,27.5,27.5,Snarl,Shadow Ball,Foul Play,2026-02-18 23:48,2024-03-27 21:32,3/27/2024,,,0,0,2,4500,100.00%,1,100%,0,0,Mandibuzz,,0,,,,,,,,,,,,,,,,,G
7657,Carbink,,703,,1498,127,5,15,15,77.8,49.5,49.5,Rock Throw,Moonblast,Rock Slide,2026-02-18 23:48,2024-09-06 15:01,11/29/2023,,,0,0,2,15000,100.00%,1,100%,0,0,Carbink,,0,,,,,,,,,,,,,,,,,G
7658,Claydol,,344,,1498,123,0,14,15,64.4,29.5,29.5,Mud-Slap,Scorching Sands,Rock Tomb,2026-02-18 23:48,2025-03-15 10:29,3/12/2025,,,0,0,2,5000,100.00%,1,100%,0,0,Claydol,,0,,,,,,,,,,,,,,,,,G
7659,Lapras,,131,♂,1498,182,0,10,14,53.3,22,22,Psywave,Ice Beam,Sparkling Aria,2026-02-18 23:48,2026-02-18 23:48,4/9/2025,,,0,0,2,3000,100.00%,1,100%,0,0,Lapras,,0,,,,,,,,,,,,,,,,,G
7660,Dewgong,,87,♀,1498,161,0,12,15,60,29.5,29.5,Ice Shard,Icy Wind,Drill Run,2026-02-18 23:48,2023-12-13 0:09,12/12/2023,132.77kg,1.86m,0,0,2,5000,100.00%,1,100%,0,0,Dewgong,,0,,,,,,,,,,,,,,,,,G
7661,Quagsire,,195,♂,1498,166,0,14,15,64.4,29,29,Mud Shot,Stone Edge,Mud Bomb,2026-02-18 23:48,2023-12-01 2:07,12/6/2022,82.91kg,1.44m,0,0,2,5000,99.98%,2,99.97%,0,0,Quagsire,,0,,,,,,,,,,,,,,,,,G
7663,Sandslash,Alola,28,♀,1498,125,0,15,13,62.2,23.5,23.5,Powder Snow,Drill Run,Ice Punch,2026-02-18 23:48,2024-12-18 22:29,12/18/2024,,,0,0,2,3500,99.98%,2,99.68%,0,0,Sandslash,Alola,0,,,,,,,,,,,,,,,,,G
7664,Dragalge,,691,♀,1498,115,0,15,13,62.2,24,24,Acid,Outrage,Aqua Tail,2026-02-18 23:48,2024-02-09 14:17,2/9/2024,191.68kg,2.66m,0,0,2,3500,100.00%,1,100%,0,0,Dragalge,,0,,,,,,,,,,,,,,,,,G
7666,Sandslash,Alola,28,♂,1498,124,1,15,11,60,23.5,23.5,Shadow Claw,Drill Run,Ice Punch,2026-02-18 23:48,2026-02-18 23:47,12/20/2024,,,0,0,2,3500,99.88%,6,99.44%,0,0,Sandslash,Alola,0,,,,,,,,,,,,,,,,,G
7667,Meowscarada,,908,♂,1498,115,5,14,13,71.1,19.5,19.5,Leafage,Frenzy Plant,Night Slash,2026-02-18 23:47,2026-02-18 23:47,9/6/2023,,,0,0,2,2500,98.71%,54,98.48%,0,0,Meowscarada,,0,,,,,,,,,,,,,,,,,G
7668,Qwilfish,Normal,211,♂,1498,125,0,12,14,57.8,28,28,Poison Sting,Ice Beam,Aqua Tail,2026-02-18 23:47,2026-02-18 23:47,11/23/2024,,,0,0,2,4500,100.00%,1,100%,0,0,Qwilfish,Normal,0,,,,,,,,,,,,,,,,,G
7670,Jellicent,,593,♂,1498,158,1,14,14,64.4,24.5,24.5,Hex,Shadow Ball,Surf,2026-02-18 23:47,2024-05-12 23:54,5/12/2024,,,0,0,2,3500,100.00%,1,100%,0,0,Jellicent,,0,,,,,,,,,,,,,,,,,G
9428,Gothorita,,575,♂,1498,135,4,13,15,71.1,41,41,Confusion,Psychic,,2024-09-05 17:42,2023-12-01 2:13,10/1/2022,22.43kg,0.77m,0,0,2,11000,97.70%,95,98.46%,0,0,Gothorita,,0,,,,,,,,,,,,,,,,,G
12,Tinkaton,,959,♀,1497,143,1,14,14,64.4,25.5,25.5,Fairy Wind,Gigaton Hammer,Bulldoze,2026-06-08 12:46,2026-04-11 17:08,4/11/2026,179.35kg,0.87m,0,0,2,4000,100.00%,1,100%,0,0,Tinkaton,,0,,,,,,,,,,,,,,,,,G
7567,Toedscruel,,949,♀,1497,133,1,6,14,46.7,24,24,Mud-Slap,Wrap,Seed Bomb,2026-02-24 14:28,2026-02-18 23:49,8/22/2025,,,0,0,2,3500,98.68%,55,98.77%,0,0,Toedscruel,,0,,,,,,,,,,,,,,,,,G
7569,Talonflame,,663,♂,1497,134,10,7,15,71.1,25,25,Incinerate,Flame Charge,Fly,2026-02-24 14:28,2026-02-18 23:49,9/5/2025,,,0,1,2,4800,78.36%,887,96.55%,0,0,Talonflame,,1,,,,,,,,,,,,,,,,,G
7575,Charjabug,,737,♀,1497,128,0,13,15,62.2,38.5,38.5,Volt Switch,Discharge,X-Scissor,2026-02-24 14:27,2026-02-18 23:49,12/18/2025,,,0,0,2,15000,100.00%,1,100%,0,0,Charjabug,,0,,,,,,,,,,,,,,,,,G
7641,Bastiodon,,411,♂,1497,142,0,15,14,64.4,50,50,Smack Down,Stone Edge,Flamethrower,2026-02-18 23:49,2024-09-06 15:24,8/2/2023,,,0,0,2,15000,100.00%,1,100%,0,0,Bastiodon,,0,,,,,,,,,,,,,,,,,G
7642,Ninetales,Alola,38,♀,1497,126,4,10,14,62.2,24.5,24.5,Charm,Psyshock,Weather Ball,2026-02-18 23:49,2023-12-01 2:04,10/10/2023,32.19kg,1.31m,0,1,2,4200,98.05%,81,98.37%,0,0,Ninetales,Alola,1,,,,,,,,,,,,,,,,,G
7643,Togedemaru,,777,♂,1497,120,3,13,14,66.7,26,26,Thunder Shock,Wild Charge,Fell Stinger,2026-02-18 23:49,2023-12-01 2:15,8/4/2023,4.08kg,0.31m,0,0,2,4000,99.10%,38,98.84%,0,0,Togedemaru,,0,,,,,,,,,,,,,,,,,G
7644,Skeledirge,,911,♀,1497,141,3,11,15,64.4,18.5,18.5,Incinerate,Disarming Voice,Shadow Ball,2026-02-18 23:49,2023-12-01 2:15,11/13/2023,378.01kg,1.84m,0,0,2,2200,98.53%,61,98.87%,0,0,Skeledirge,,0,,,,,,,,,,,,,,,,,G
7646,Diggersby,,660,♂,1497,177,0,15,13,62.2,50,50,Quick Attack,Scorching Sands,Fire Punch,2026-02-18 23:49,2026-02-18 23:49,1/21/2024,,,0,0,2,15000,100.00%,1,100%,0,0,Diggersby,,0,,,,,,,,,,,,,,,,,G
7647,Gallade,Normal,475,♂,1497,100,0,7,3,22.2,19,19,Psycho Cut,Close Combat,Leaf Blade,2026-02-18 23:49,2026-02-18 23:49,7/2/2024,,,0,1,2,3000,94.97%,207,97.63%,0,0,Gallade,Normal,1,,,,,,,,,,,,,,,,,G
7649,Miltank,,241,♀,1497,152,0,14,14,62.2,24.5,24.5,Rollout,Thunderbolt,Body Slam,2026-02-18 23:49,2026-02-18 23:49,11/8/2024,,,0,0,2,3500,100.00%,1,100%,0,0,Miltank,,0,,,,,,,,,,,,,,,,,G
7650,Gyarados,Normal,130,♂,1497,123,1,6,8,33.3,17,17,Dragon Breath,Aqua Tail,Crunch,2026-02-18 23:49,2026-02-18 23:49,11/17/2024,,,0,1,2,2640,96.02%,164,97.74%,0,0,Gyarados,Normal,1,,,,,,,,,,,,,,,,,G
7652,Xatu,,178,♂,1497,117,2,15,9,57.8,26,26,Air Slash,Return,Aerial Ace,2026-02-18 23:49,2023-12-01 2:07,11/27/2022,12.49kg,1.31m,0,2,2,4000,99.41%,25,98.93%,0,0,Xatu,,2,,,,,,,,,,,,,,,,,G
7654,Quagsire,,195,♀,1497,164,5,10,14,64.4,28.5,28.5,Mud Shot,Aqua Tail,Stone Edge,2026-02-18 23:48,2026-02-18 23:48,8/29/2024,,,0,1,2,5400,95.26%,195,97.70%,0,0,Quagsire,,1,,,,,,,,,,,,,,,,,G
7655,Swampert,Normal,260,♀,1497,137,6,13,14,73.3,18.5,18.5,Mud Shot,Hydro Cannon,Sludge,2026-02-18 23:48,2024-09-06 14:49,6/27/2024,,,0,0,2,2200,97.97%,84,98.21%,0,0,Swampert,Normal,0,,,,,,,,,,,,,,,,,G
14,Weezing,Galar,110,♀,1496,118,3,6,14,51.1,25,25,Fairy Wind,Sludge,Brutal Swing,2026-06-08 12:45,2026-05-01 14:47,5/1/2026,,,0,1,2,18000,96.90%,128,97.87%,0,0,Weezing,Galar,1,,,,,,,,,,,,,,,,,G
7629,Forretress,,205,♂,1496,128,3,13,11,60,25,25,Bug Bite,Rock Tomb,Sand Tomb,2026-02-18 23:51,2026-02-18 23:51,2/11/2023,,,0,0,2,4000,98.39%,67,98.65%,0,0,Forretress,,0,,,,,,,,,,,,,,,,,G
7630,Sandslash,Alola,28,♂,1496,123,5,13,12,66.7,23,23,Shadow Claw,Drill Run,Ice Punch,2026-02-18 23:51,2023-12-01 2:04,8/29/2023,75.08kg,1.36m,0,1,2,4200,95.31%,193,97.77%,0,0,Sandslash,Alola,1,,,,,,,,,,,,,,,,,G
7631,Stunfisk,Galar,618,♀,1496,171,5,15,12,71.1,26,26,Mud Shot,Earthquake,,2026-02-18 23:51,2023-12-01 2:13,6/29/2023,13.11kg,0.56m,0,0,2,4000,95.04%,204,97.84%,0,0,Stunfisk,Galar,0,,,,,,,,,,,,,,,,,G
7632,Skeledirge,,911,♂,1496,141,1,15,14,66.7,18.5,18.5,Incinerate,Shadow Ball,Disarming Voice,2026-02-18 23:51,2024-04-13 0:22,4/12/2024,,,0,0,2,2200,100.00%,1,100%,0,0,Skeledirge,,0,,,,,,,,,,,,,,,,,G
7633,Marowak,Normal,105,♂,1496,124,4,14,12,66.7,32,32,Mud-Slap,Rock Slide,Bone Club,2026-02-18 23:51,2026-02-18 23:51,1/18/2025,,,0,1,2,7201,95.70%,177,97.98%,0,0,Marowak,Normal,1,,,,,,,,,,,,,,,,,G
7634,Chesnaught,,652,♂,1496,126,2,13,14,64.4,19,19,Vine Whip,Frenzy Plant,Superpower,2026-02-18 23:51,2023-12-01 2:14,1/7/2023,55.39kg,1.37m,0,0,2,2500,98.90%,46,98.79%,0,0,Chesnaught,,0,,,,,,,,,,,,,,,,,G
7635,Talonflame,,663,♀,1496,136,0,13,14,60,26,26,Incinerate,Brave Bird,Fly,2026-02-18 23:50,2024-06-05 20:01,6/5/2024,,,0,0,2,4000,100.00%,1,100%,0,0,Talonflame,,0,,,,,,,,,,,,,,,,,G
7636,Kingdra,,230,♂,1496,120,2,3,11,35.6,22,22,Dragon Breath,Outrage,Swift,2026-02-18 23:50,2026-02-18 23:50,1/17/2025,,,0,1,2,3601,93.89%,251,97.45%,0,0,Kingdra,,1,,,,,,,,,,,,,,,,,G
7638,Arctibax,,997,♀,1496,151,5,15,14,75.6,26.5,26.5,Dragon Breath,Avalanche,Icy Wind,2026-02-18 23:50,2026-02-18 23:50,12/3/2023,,,0,0,2,4000,97.29%,112,97.90%,0,0,Arctibax,,0,,,,,,,,,,,,,,,,,G
7639,Drifblim,,426,♂,1496,212,0,14,13,60,24,24,Astonish,Shadow Ball,Icy Wind,2026-02-18 23:50,2023-12-01 2:11,10/26/2022,15.46kg,1.23m,0,0,2,3500,99.85%,7,99.15%,0,0,Drifblim,,0,,,,,,,,,,,,,,,,,G
9348,Snorlax,,143,♂,1496,192,2,12,14,62.2,17.5,17.5,Lick,Outrage,,2024-09-06 14:39,2023-12-01 2:06,11/12/2022,481.35kg,1.97m,0,0,2,2200,99.17%,35,98.88%,0,0,Snorlax,,0,,,,,,,,,,,,,,,,,G
13,Dusknoir,,477,♀,1495,93,0,9,15,53.3,24,24,Astonish,Dynamic Punch,Shadow Punch,2026-06-08 12:46,2026-04-18 12:43,4/18/2026,,,0,1,2,4200,99.76%,11,99.20%,0,0,Dusknoir,,1,,,,,,,,,,,,,,,,,G
7614,Lanturn,,171,♀,1495,194,7,14,15,80,26.5,26.5,Spark,Thunderbolt,Surf,2026-02-18 23:52,2023-12-01 2:07,10/17/2022,16.77kg,1.01m,0,0,2,4000,91.11%,365,97.33%,0,0,Lanturn,,0,,,,,,,,,,,,,,,,,G
7615,Gligar,,207,♀,1495,129,5,13,12,66.7,31,31,Fury Cutter,Dig,Night Slash,2026-02-18 23:52,2026-02-18 23:52,2/26/2024,,,0,1,2,18000,91.65%,343,97.69%,0,0,Gligar,,1,,,,,,,,,,,,,,,,,G
7616,Turtonator,,776,♂,1495,114,3,10,15,62.2,25.5,25.5,Ember,Overheat,Brutal Swing,2026-02-18 23:52,2026-02-18 23:52,4/29/2024,,,0,0,2,4000,97.17%,117,98.12%,0,0,Turtonator,,0,,,,,,,,,,,,,,,,,G
7618,Lurantis,,754,♀,1495,119,5,14,15,75.6,23,23,Fury Cutter,Leaf Blade,Superpower,2026-02-18 23:52,2023-12-01 2:15,5/7/2023,23.32kg,0.96m,0,0,2,3500,97.26%,113,98.22%,0,0,Lurantis,,0,,,,,,,,,,,,,,,,,G
7619,Skuntank,,435,♂,1495,160,0,15,15,66.7,24,24,Poison Jab,Trailblaze,Crunch,2026-02-18 23:52,2024-09-08 18:57,9/8/2024,,,0,1,2,4200,100.00%,1,100%,0,0,Skuntank,,1,,,,,,,,,,,,,,,,,G
7620,Sealeo,,364,♀,1495,168,5,15,14,75.6,35.5,35.5,Powder Snow,Surf,Body Slam,2026-02-18 23:52,2023-12-01 2:10,9/18/2022,91.75kg,1.08m,0,0,2,15000,91.16%,363,97.52%,0,0,Sealeo,,0,,,,,,,,,,,,,,,,,G
7621,Galvantula,,596,♀,1495,126,0,15,15,66.7,25.5,25.5,Volt Switch,Lunge,Discharge,2026-02-18 23:52,2023-12-01 2:13,1/6/2023,8.8kg,0.66m,0,0,2,15000,100.00%,1,100%,0,0,Galvantula,,0,,,,,,,,,,,,,,,,,G
7622,Heatran,,485,♂,1495,109,6,10,3,42.2,15,15,Fire Spin,Magma Storm,Iron Head,2026-02-18 23:52,2025-03-02 21:58,2/22/2024,616.05kg,1.99m,0,0,2,1900,84.22%,647,97.03%,0,0,Heatran,,0,,,,,,,,,,,,,,,,,G
7623,Lucario,Normal,448,♂,1495,111,10,12,14,80,20,20,Force Palm,Shadow Ball,Aura Sphere,2026-02-18 23:52,2024-07-28 13:31,7/27/2024,6.58kg,0.6m,0,0,2,2500,93.75%,257,97.60%,0,0,Lucario,Normal,0,,,,,,,,,,,,,,,,,G
7625,Sandslash,Alola,28,♂,1495,124,7,14,15,80,22.5,22.5,Powder Snow,Drill Run,Ice Punch,2026-02-18 23:52,2023-12-01 2:04,10/7/2022,70.93kg,1.48m,0,1,2,3601,96.39%,149,97.95%,0,0,Sandslash,Alola,1,,,,,,,,,,,,,,,,,G
7626,Tinkaton,,959,♀,1495,141,3,10,12,55.6,25.5,25.5,Fairy Wind,Play Rough,Bulldoze,2026-02-18 23:52,2025-05-17 20:29,4/21/2025,,,0,0,2,4000,95.04%,204,97.96%,0,0,Tinkaton,,0,,,,,,,,,,,,,,,,,G
7627,Greninja,,658,♂,1495,116,1,15,14,66.7,21,21,Water Shuriken,Hydro Cannon,Night Slash,2026-02-18 23:52,2024-09-06 15:04,8/13/2023,,,0,0,2,3000,99.98%,2,99.98%,0,0,Greninja,,0,,,,,,,,,,,,,,,,,G
9464,Dugtrio,Normal,51,♂,1495,100,5,14,15,75.6,41,41,Mud-Slap,Earthquake,,2024-08-30 17:43,2023-12-01 2:04,9/30/2022,25.52kg,0.63m,0,0,2,11000,97.53%,102,98.56%,0,0,Dugtrio,Normal,0,,,,,,,,,,,,,,,,,G
7607,Umbreon,,197,♂,1494,161,0,14,14,62.2,27.5,27.5,Snarl,Dark Pulse,Foul Play,2026-02-18 23:52,2023-12-01 2:07,3/7/2023,35.73kg,1.03m,0,0,2,4500,99.95%,3,99.61%,0,0,Umbreon,,0,,,,,,,,,,,,,,,,,G
7608,Girafarig,,203,♀,1494,129,5,15,14,75.6,27,27,Tackle,Thunderbolt,Trailblaze,2026-02-18 23:52,2023-12-01 2:07,5/9/2023,25.14kg,1.24m,0,0,2,4500,98.75%,52,98.31%,0,0,Girafarig,,0,,,,,,,,,,,,,,,,,G
7609,Escavalier,,589,♀,1494,107,10,15,15,88.9,18.5,18.5,Counter,Aerial Ace,Drill Run,2026-02-18 23:52,2023-12-01 2:13,11/7/2023,41.45kg,1.12m,0,0,2,2200,94.65%,220,97.31%,0,0,Escavalier,,0,,,,,,,,,,,,,,,,,G
7611,Ninetales,Normal,38,♀,1494,125,5,13,13,68.9,24.5,24.5,Fire Spin,Weather Ball,,2026-02-18 23:52,2023-12-01 2:04,3/4/2023,23.87kg,1.21m,0,0,2,3500,94.33%,233,97.57%,0,0,Ninetales,Normal,0,,,,,,,,,,,,,,,,,G
7612,Quagsire,,195,♂,1494,159,5,14,7,57.8,28.5,28.5,Mud Shot,Aqua Tail,Stone Edge,2026-02-18 23:52,2026-02-18 23:52,3/13/2024,,,0,1,2,5400,91.40%,353,97.20%,0,0,Quagsire,,1,,,,,,,,,,,,,,,,,G
7613,Toxicroak,,454,♂,1494,130,6,15,13,75.6,22,22,Counter,Mud Bomb,Sludge Bomb,2026-02-18 23:52,2023-12-01 2:11,9/29/2022,44.24kg,1.31m,0,0,2,3000,97.80%,91,97.83%,0,0,Toxicroak,,0,,,,,,,,,,,,,,,,,G
7600,Noctowl,,164,♀,1493,169,1,14,13,62.2,28.5,28.5,Wing Attack,Sky Attack,Shadow Ball,2026-02-18 23:53,2023-12-01 2:07,11/29/2022,39.81kg,1.61m,0,0,2,4500,99.34%,28,98.83%,0,0,Noctowl,,0,,,,,,,,,,,,,,,,,G
7601,Nidoqueen,,31,♀,1493,141,3,6,14,51.1,23,23,Mud-Slap,Stone Edge,Poison Fang,2026-02-18 23:53,2026-02-18 23:53,10/17/2024,,,0,1,2,4200,92.26%,318,97.49%,0,0,Nidoqueen,,1,,,,,,,,,,,,,,,,,G
7602,Jumpluff,,189,♂,1493,155,2,13,14,64.4,41.5,41.5,Fairy Wind,Acrobatics,Energy Ball,2026-02-18 23:53,2026-02-18 23:53,11/3/2024,,,0,1,2,13200,95.60%,181,98.04%,0,0,Jumpluff,,1,,,,,,,,,,,,,,,,,G
7603,Tropius,,357,♀,1493,174,1,9,14,53.3,30.5,30.5,Razor Leaf,Leaf Blade,Aerial Ace,2026-02-18 23:53,2026-02-18 23:53,2/26/2023,,,0,0,2,15000,97.24%,114,98.15%,0,0,Tropius,,0,,,,,,,,,,,,,,,,,G
7606,Trevenant,,709,♂,1493,131,6,12,15,73.3,21.5,21.5,Shadow Claw,Shadow Ball,Seed Bomb,2026-02-18 23:53,2023-12-01 2:14,10/20/2022,55.32kg,1.33m,0,0,2,3000,92.58%,305,97.37%,0,0,Trevenant,,0,,,,,,,,,,,,,,,,,G
8328,Cresselia,,488,♀,1493,156,5,13,2,44.4,20,20,Confusion,Grass Knot,,2025-11-18 16:59,2025-03-02 22:08,2/20/2024,91.93kg,1.52m,0,0,2,2500,80.78%,788,96.86%,0,0,Cresselia,,0,,,,,,,,,,,,,,,,,G
7597,Clodsire,,980,♂,1492,213,0,14,15,64.4,30,30,Poison Sting,Earthquake,Sludge Bomb,2026-02-18 23:53,2024-01-06 1:05,12/17/2023,301.4kg,2.21m,0,0,2,5000,99.41%,25,99.17%,0,0,Clodsire,,0,,,,,,,,,,,,,,,,,G
8329,Cresselia,,488,♀,1492,161,2,15,10,60,20,20,Psycho Cut,Aurora Beam,,2025-11-18 16:59,2025-03-25 12:01,2/28/2024,116.95kg,1.66m,0,0,2,2500,98.00%,83,98.77%,0,0,Cresselia,,0,,,,,,,,,,,,,,,,,G
9423,Typhlosion,Normal,157,♀,1492,117,4,14,15,73.3,19,19,Incinerate,Blast Burn,,2024-09-05 17:47,2024-09-05 17:46,10/27/2022,104.04kg,1.9m,0,0,2,2500,99.29%,30,98.66%,0,0,Typhlosion,Normal,0,,,,,,,,,,,,,,,,,G
8614,Tapu Fini,,788,,1491,109,3,5,11,42.2,20,20,Water Gun,Nature's Madness,,2025-03-30 14:39,2025-03-30 13:36,5/8/2024,15.63kg,1.11m,0,0,2,2500,91.58%,346,97.13%,0,0,Tapu Fini,,0,,,,,,,,,,,,,,,,,G
2,Guzzlord,,799,,1490,265,2,14,10,57.8,19.5,19.5,Dragon Tail,Sludge Bomb,Brutal Swing,2026-06-08 12:49,2026-02-18 23:54,7/11/2024,,,0,0,2,2500,98.07%,80,98.53%,0,0,Guzzlord,,0,,,,,,,,,,,,,,,,,G
3,Guzzlord,,799,,1490,265,2,14,10,57.8,19.5,19.5,Dragon Tail,Sludge Bomb,,2026-06-08 12:49,2025-12-14 16:24,7/11/2024,714.79kg,4.85m,0,0,2,2500,98.07%,80,98.53%,0,0,Guzzlord,,0,,,,,,,,,,,,,,,,,G
7563,Moltres,Galar,146,,1490,121,10,12,14,80,17,17,Sucker Punch,Brave Bird,Fly,2026-02-24 14:28,2026-02-18 23:53,6/24/2025,,,0,0,2,2200,78.19%,894,96.33%,0,0,Moltres,Galar,0,,,,,,,,,,,,,,,,,G
7593,Guzzlord,,799,,1490,259,7,15,6,62.2,19,19,Dragon Tail,Sludge Bomb,Brutal Swing,2026-02-18 23:54,2026-02-18 23:54,7/10/2024,,,0,0,2,2500,89.91%,414,97.15%,0,0,Guzzlord,,0,,,,,,,,,,,,,,,,,G
7592,Ludicolo,,272,♀,1489,132,4,15,12,68.9,24,24,Astonish,Leaf Storm,Weather Ball,2026-02-18 23:54,2023-12-01 2:08,2/16/2023,49.65kg,1.46m,0,0,2,3500,96.09%,161,98.00%,0,0,Ludicolo,,0,,,,,,,,,,,,,,,,,G
7590,Registeel,,379,,1486,128,11,10,15,80,22,22,Lock-On,Zap Cannon,,2026-02-18 23:54,2023-11-22 16:07,2/1/2023,258.37kg,2.29m,0,0,2,3000,54.68%,1857,94.94%,0,0,Registeel,,0,,,,,,,,,,,,,,,,,G
7591,Dusknoir,,477,♀,1486,92,0,8,14,48.9,24,24,Astonish,Dynamic Punch,Shadow Punch,2026-02-18 23:54,2026-02-18 23:54,12/3/2024,,,0,1,2,18000,95.36%,191,97.76%,0,0,Dusknoir,,1,,,,,,,,,,,,,,,,,G
7588,Lickitung,,108,♀,1482,185,7,15,15,82.2,49.5,49.5,Lick,Power Whip,Body Slam,2026-02-18 23:55,2023-12-01 2:05,8/11/2023,56.91kg,1.08m,0,0,2,15000,99.98%,2,99.79%,15000,0,Lickitung,,0,,,,,,,,,,,,,,,,,G